rate,tittle,link,content_intro,author_intro
 8.1 ,茶花女,https://book.douban.com/subject/1013380/,"《茶花女》为我们塑造了一些生动、鲜明的艺术形象，而其中最突出、最令人难忘的自然是女主人公茶花女玛格丽特。读者们切莫把玛格丽特和阿尔丰西娜・普莱西小姐混为一谈，阿尔丰西娜的身世固然值得同情，但她的的确确是个堕落的女人，用小仲马的话来说，她“既是一个纯洁无瑕的贞女，又是_个彻头彻尾的娼妇”。但玛格丽特却不同，她美丽、聪明而又善良j 虽然沦落风尘，但依旧保持着一颗纯洁、高尚的心灵。她充满热情和希望地去追求真正的爱情生活，而当这种希望破灭之后，又甘愿自我牺牲去成全他人。,这一切都使这位为人们所不齿的烟花女子的形象闪烁着一种圣洁的光辉，以至于人们一提起“茶花女”这三个字的时候，首先想到的不是什么下贱的妓女，而是一位美丽、可爱而又值得同情的女眭。古今中外的文学名著为人们留下了许许多多不朽的艺术形象，而玛格丽特则完全可以跻身其间而毫无愧色。",小仲马
 8.0 ,挪威的森林,https://book.douban.com/subject/1046265/,"这是一部动人心弦的、平缓舒雅的、略带感伤的恋爱小说。小说主人公渡边以第一人称展开他同两个女孩间的爱情纠葛。渡边的第一个恋人直子原是他高中要好同学木月的女友，后来木月自杀了。一年后渡边同直子不期而遇并开始交往。此时的直子已变得娴静腼腆，美丽晶莹的眸子里不时掠过一丝难以捕捉的阴翳。两人只是日复一日地在落叶飘零的东京街头漫无目标地或前或后或并肩行走不止。直子20岁生日的晚上两人发生了性关系，不料第二天直子便不知去向。几个月后直子来信说她住进一家远在深山里的精神疗养院。渡边前去探望时发现直子开始带有成熟女性的丰腴与娇美。晚间两人虽同处一室，但渡边约束了自己，分手前表示永远等待直子。返校不久，由于一次偶然相遇，渡边开始与低年级的绿子交往。绿子同内向的直子截然相反，“简直就像迎着春天的晨光蹦跳到世界上来的一头小鹿”。这期间，渡边内心十分苦闷彷徨。一方面念念不忘直...,这是一部动人心弦的、平缓舒雅的、略带感伤的恋爱小说。小说主人公渡边以第一人称展开他同两个女孩间的爱情纠葛。渡边的第一个恋人直子原是他高中要好同学木月的女友，后来木月自杀了。一年后渡边同直子不期而遇并开始交往。此时的直子已变得娴静腼腆，美丽晶莹的眸子里不时掠过一丝难以捕捉的阴翳。两人只是日复一日地在落叶飘零的东京街头漫无目标地或前或后或并肩行走不止。直子20岁生日的晚上两人发生了性关系，不料第二天直子便不知去向。几个月后直子来信说她住进一家远在深山里的精神疗养院。渡边前去探望时发现直子开始带有成熟女性的丰腴与娇美。晚间两人虽同处一室，但渡边约束了自己，分手前表示永远等待直子。返校不久，由于一次偶然相遇，渡边开始与低年级的绿子交往。绿子同内向的直子截然相反，“简直就像迎着春天的晨光蹦跳到世界上来的一头小鹿”。这期间，渡边内心十分苦闷彷徨。一方面念念不忘直子缠绵的病情与柔情，一方面又难以抗拒绿子大胆的表白和迷人的活力。不久传来直子自杀的噩耗，渡边失魂魄地四处徒步旅行。最后，在直子同房病友玲子的鼓励下，开始摸索此后的人生。",[日] 村上春树
 7.9 ,麦田里的守望者,https://book.douban.com/subject/1082518/,"霍尔顿是出身于富裕中产阶级的十六岁少年，在第四次被开除出学校之后，不敢贸然回家，只身在美国最繁华的纽约城游荡了一天两夜，住小客店，逛夜总会，滥交女友，酗酒……他看到了资本主义社会的种种丑恶，接触了各式各样的人物，其中大部分是“假模假式的”伪君子。,霍尔顿几乎看不惯周围发生的一切，他甚至想逃离这个现实世界，到穷乡僻壤去假装一个又聋又哑的人，但要真正这样做，又是不可能的，结果他只能生活在矛盾之中：他这一辈子最痛恨电影，但百无聊赖中又不得不在电影院里消磨时间；他厌恶没有爱情的性关系，却又糊里糊涂地叫来了妓女；他讨厌虚荣庸俗的女友萨丽，却又迷恋她的美色，情不自禁地与她搂搂抱抱。,因此，他尽管看不惯世道，却只好苦闷、彷惶，用种种不切实际的幻想安慰自己，自欺欺人，最后仍不免对现实社会妥协，成不了真正的叛逆，这可以说是作者塞林格和他笔下人物霍尔顿的悲剧所在。",[美国] J. D. 塞林格
 7.7 ,洛丽塔,https://book.douban.com/subject/1465324/,《洛丽塔》原著问世五十年来第一部中文全译本。纳博科夫最著名最有争议的小说杰作。,[美] 弗拉基米尔・纳博科夫
 9.0 ,月亮和六便士,https://book.douban.com/subject/1858513/,"一个英国证券交易所的经纪人，本已有牢靠的职业和地位、美满的家庭，但却迷恋上绘画，像“被魔鬼附了体”，突然弃家出走，到巴黎去追求绘画的理想。他的行径没有人能够理解。他在异国不仅肉体受着贫穷和饥饿煎熬，而且为了寻找表现手法，精神亦在忍受痛苦折磨。经过一番离奇的遭遇后，主人公最后离开文明世界，远遁到与世隔绝的塔希提岛上。他终于找到灵魂的宁静和适合自己艺术气质的氛围。他同一个土著女子同居，创作出一幅又一幅使后世震惊的杰作。在他染上麻风病双目失明之前，曾在自己住房四壁画了一幅表现伊甸园的伟大作品。但在逝世之前，他却命令土著女子在他死后把这幅画作付之一炬。通过这样一个一心追求艺术、不通人性世故的怪才，毛姆探索了艺术的产生与本质、个性与天才的关系、艺术家与社会的矛盾等等引人深思的问题。同时这本书也引发了人们对摆脱世俗束缚逃离世俗社会寻找心灵家园这一话题的思考，而关...,一个英国证券交易所的经纪人，本已有牢靠的职业和地位、美满的家庭，但却迷恋上绘画，像“被魔鬼附了体”，突然弃家出走，到巴黎去追求绘画的理想。他的行径没有人能够理解。他在异国不仅肉体受着贫穷和饥饿煎熬，而且为了寻找表现手法，精神亦在忍受痛苦折磨。经过一番离奇的遭遇后，主人公最后离开文明世界，远遁到与世隔绝的塔希提岛上。他终于找到灵魂的宁静和适合自己艺术气质的氛围。他同一个土著女子同居，创作出一幅又一幅使后世震惊的杰作。在他染上麻风病双目失明之前，曾在自己住房四壁画了一幅表现伊甸园的伟大作品。但在逝世之前，他却命令土著女子在他死后把这幅画作付之一炬。通过这样一个一心追求艺术、不通人性世故的怪才，毛姆探索了艺术的产生与本质、个性与天才的关系、艺术家与社会的矛盾等等引人深思的问题。同时这本书也引发了人们对摆脱世俗束缚逃离世俗社会寻找心灵家园这一话题的思考，而关于南太平洋小岛的自然民风的描写也引人向往。,《月亮和六便士》说问世后，以情节入胜、文字深刻在文坛轰动一时，人们争相传看。在小说中，毛姆用第一人称的叙述手法，借“我”之口，叙述整个故事，有人认为这篇小说的原型是法国印象派画家高更，这更增加了它的传奇色彩，受到了全世界读者的关注。",[英] 毛姆
 8.9 ,百年孤独,https://book.douban.com/subject/1786670/,《百年孤独》内容复杂，人物众多，情节离奇，手法新颖。马尔克斯在书中溶汇了南美洲特有的五彩缤纷的文化。他通过描写小镇马孔多的产生、兴盛到衰落、消亡，表现了拉丁美洲令人惊异的疯狂历史。小说以“汇集了不可思议的奇迹和最纯粹的现实生活”荣获1982年诺贝尔文学奖。,[哥伦比亚] 加西亚・马尔克斯
 8.4 ,呼啸山庄,https://book.douban.com/subject/1119522/,"夏洛蒂和传记作者告诉我们，爱米丽生性独立、豁达、纯真、刚毅、热情而又内向。她颇有男儿气概，酷爱自己生长其间的荒原，平素在离群索居中，除去手足情谊，最喜与大自然为友，从她的诗和一生行为，都可见她天人合一宇宙观与人生观的表现，有人因此而将她视为神秘主义者。其实人与自然的关系，从来就是人类文明史上重要的命题，爱米丽不过是步历代哲人、隐者、科学家、艺术家后尘，通过生活和创作，身体力行地探寻人与自然的关系。,由于爱米丽一生经历简短，她既未受完整系统教育，又没有爱情婚姻实际体验，人们对于她能写出《呼啸山庄》这样深刻独特的爱情绝唱也曾疑惑不解。对这一问题，早有人以“天才说”,做出解释，而经过百余年的研考据，传记作者和评论家又提出了更加令人信服的凭据。爱米丽以及她的姐妹，虽然生长在苦寒单调的约克郡，她们的父亲帕特里克?勃朗特却来自北爱尔兰，母亲玛丽亚?勃兰威尔是威尔...,夏洛蒂和传记作者告诉我们，爱米丽生性独立、豁达、纯真、刚毅、热情而又内向。她颇有男儿气概，酷爱自己生长其间的荒原，平素在离群索居中，除去手足情谊，最喜与大自然为友，从她的诗和一生行为，都可见她天人合一宇宙观与人生观的表现，有人因此而将她视为神秘主义者。其实人与自然的关系，从来就是人类文明史上重要的命题，爱米丽不过是步历代哲人、隐者、科学家、艺术家后尘，通过生活和创作，身体力行地探寻人与自然的关系。,由于爱米丽一生经历简短，她既未受完整系统教育，又没有爱情婚姻实际体验，人们对于她能写出《呼啸山庄》这样深刻独特的爱情绝唱也曾疑惑不解。对这一问题，早有人以“天才说”,做出解释，而经过百余年的研考据，传记作者和评论家又提出了更加令人信服的凭据。爱米丽以及她的姐妹，虽然生长在苦寒单调的约克郡，她们的父亲帕特里克?勃朗特却来自北爱尔兰，母亲玛丽亚?勃兰威尔是威尔士人。这一对父母所属民族的祖先，同属具有冲动浪漫气质的凯尔特人，而且二人都不乏写诗为文的天分：帕特里克又一向怀有文学抱负，曾自费出版诗集；玛丽亚出嫁前写给帕特里克的情书，也是文采斐然。继承了父母的遗传基因，又受到荒原精神的陶冶哺育，爱米丽的艺术天才无疑并非无源之水；而且她家那座荒原边缘上的牧师住宅，外观虽然冷落寒酸，内里却因几个才智过人的子女相亲相携而温馨宜人。他们自幼相互鼓励、切磋，以读书写作为乐。这一方面大大冲淡了物质匮乏之苦；同时也培养锻炼了他们的写作功力。,爱米丽的写作，从诗开始，她在着手创作《呼啸山庄》之前十六七年间，陆续写出习作诗文《贡代尔传奇》和短诗，如今所见，仅近二百首诗。姑且不论它们本身的艺术价值，这些文字起码也是创作《呼啸山庄》这部不朽之作的有益准备。换言之，她写《呼啸山庄》，是她写诗的继续。她的诗，真挚、雄劲、粗犷、深沉、高朗，这也是《呼啸山庄》的格调。",艾米莉・勃朗特
 8.2 ,达・芬奇密码,https://book.douban.com/subject/1040771/,"哈佛大学的符号学专家罗伯特・兰登在法国巴黎出差期间的一个午夜接到一个紧急电话，得知卢浮宫博物馆年迈的馆长被人杀害在卢浮宫的博物馆里，人们在他的尸体旁边发现了一个难以捉摸的密码。兰登与法国一位颇有天分的密码破译专家索菲・奈芙，在对一大堆怪异的密码进行整理的过程当中，发现一连串的线索就隐藏在达芬奇的艺术作品当中，深感震惊。这些线索，大家都清楚可见，然而却被画家巧妙地隐藏起来。兰登无意之中非常震惊地发现，已故的博物馆馆长是峋山隐修会（Priory of sion）的成员--这是一个真实存在的秘密组织，其成员包括艾撒克?牛顿爵士、波提切利、维克多・雨果与达芬奇，这无疑给他们增加了风险。兰登感觉到他们是在找寻一个石破天惊的历史秘密，这是个数世纪以来就证明了的既能给人启迪又很危险的秘密。在这场足迹遍及巴黎以及伦敦的追逐中，兰登与奈芙发现他们在跟一位始终不露面的幕...,哈佛大学的符号学专家罗伯特・兰登在法国巴黎出差期间的一个午夜接到一个紧急电话，得知卢浮宫博物馆年迈的馆长被人杀害在卢浮宫的博物馆里，人们在他的尸体旁边发现了一个难以捉摸的密码。兰登与法国一位颇有天分的密码破译专家索菲・奈芙，在对一大堆怪异的密码进行整理的过程当中，发现一连串的线索就隐藏在达芬奇的艺术作品当中，深感震惊。这些线索，大家都清楚可见，然而却被画家巧妙地隐藏起来。兰登无意之中非常震惊地发现，已故的博物馆馆长是峋山隐修会（Priory of sion）的成员--这是一个真实存在的秘密组织，其成员包括艾撒克?牛顿爵士、波提切利、维克多・雨果与达芬奇，这无疑给他们增加了风险。兰登感觉到他们是在找寻一个石破天惊的历史秘密，这是个数世纪以来就证明了的既能给人启迪又很危险的秘密。在这场足迹遍及巴黎以及伦敦的追逐中，兰登与奈芙发现他们在跟一位始终不露面的幕后操纵者斗智斗勇。他们必须解开这个错综复杂的谜团，否则，峋山隐修会掩盖的秘密，那隐藏了多年的令人震惊的古老真相，将永远消逝在历史的尘埃之中。",[美] 丹・布朗
 8.8 ,傲慢与偏见,https://book.douban.com/subject/1083428/,"《傲慢与偏见》是简・奥斯汀的代表作，是一部描写爱情与婚姻的经典小说。作品以男女主人公达西和伊丽莎白由于傲慢和偏见而产生的爱情纠葛为线索，共写了四起姻缘：伊丽莎白与达西、简与宾利、莉迪亚与威克姆、夏洛蒂与柯林斯。伊丽莎白、简和莉迪亚是贝内特家五个女儿中的三个姐妹，而夏洛蒂则是她们的邻居，也是伊丽莎白的朋友。男主人公达西与宾利是好友，且与威克姆一起长大，而柯林斯则是贝内特家的远房亲戚。,贝内特夫妇五个女儿待字闺中，没有子嗣，依照当时法律，他们死后家产须由远房内侄柯林斯继承，因此把五个女儿嫁到有钱人家，成了贝内特太太最大的心愿。宾利，一位未婚富家子弟，租赁了贝内特家附近的内瑟菲尔德庄园，成为众人注目的焦点和谈论的话题。不久，宾利就与美丽贤淑的大小姐简相爱了。宾利的朋友达西对聪明直率的二小姐伊丽莎白颇有好感，却因在一次舞会上出言不逊使伊丽莎白对他心存偏见。品...,《傲慢与偏见》是简・奥斯汀的代表作，是一部描写爱情与婚姻的经典小说。作品以男女主人公达西和伊丽莎白由于傲慢和偏见而产生的爱情纠葛为线索，共写了四起姻缘：伊丽莎白与达西、简与宾利、莉迪亚与威克姆、夏洛蒂与柯林斯。伊丽莎白、简和莉迪亚是贝内特家五个女儿中的三个姐妹，而夏洛蒂则是她们的邻居，也是伊丽莎白的朋友。男主人公达西与宾利是好友，且与威克姆一起长大，而柯林斯则是贝内特家的远房亲戚。,贝内特夫妇五个女儿待字闺中，没有子嗣，依照当时法律，他们死后家产须由远房内侄柯林斯继承，因此把五个女儿嫁到有钱人家，成了贝内特太太最大的心愿。宾利，一位未婚富家子弟，租赁了贝内特家附近的内瑟菲尔德庄园，成为众人注目的焦点和谈论的话题。不久，宾利就与美丽贤淑的大小姐简相爱了。宾利的朋友达西对聪明直率的二小姐伊丽莎白颇有好感，却因在一次舞会上出言不逊使伊丽莎白对他心存偏见。品行不端的威克姆告诉伊丽莎白，他是达西庄园已故总管的儿子，与达西一起长大，达西的父亲先前许诺给他的教职，被达西无端剥夺了。而达西则因为伊丽莎白的母亲及其他妹妹的缘故，劝说宾利中止与简的关系，结果四人不欢而散。威克姆对达西的诋毁，以及达西的劝说对简造成的伤害进一步加深了伊丽莎白对达西的偏见。,柯林斯为心安理得地继承财产，决定从贝内特家五个漂亮的女儿之中挑选一个“妻子”，于是向伊丽莎白求婚。遭到拒绝后，他马上转向尚未婚配急于找到“归宿”的夏洛蒂小姐，竟然得到应允。伊丽莎白应邀到新婚的柯林斯和夏洛蒂夫妇家中做客，不期遇见前来探望凯瑟琳夫人的达西。达西为伊丽莎白所倾倒，向她求婚，但因其言辞的傲慢，遭到伊丽莎白的愤然拒绝。同时，伊丽莎白指责达西对威克姆冷酷无情，更不应该破坏宾利同简的爱情。事后达西写信为自己申辩，令伊丽莎白的偏见逐渐消除。,伊丽莎白随舅父舅妈出游时经过达西的庄园，以为达西不在，进去参观，不料达西突然归来，伊丽莎白感到十分窘迫。然而，达西丝毫没有以往的傲慢，非常热情地接待了他们。此时，伊丽莎白突然接到家信，得知威克姆带着妹妹莉迪亚私奔了！匆忙回家后，全家一筹莫展，不料达西暗访到两人的行踪，出资促成他们的婚事并安排了他们的生活，为贝内特一家保全了尊严。此事使伊丽莎白与达西尽释前嫌，宾利也和简重修旧好，最后有情人终成眷属。",[英] 奥斯丁
 8.1 ,情人,https://book.douban.com/subject/1400705/,杜拉斯代表作之一，自传性质的小说，获一九八四年法国龚古尔文学奖。全书以法国殖民者在越南的生活为背景，描写贫穷的法国女孩与富有的中国少爷之间深沉而无望的爱情。,[法] 玛格丽特・杜拉斯
 9.2 ,百年孤独,https://book.douban.com/subject/6082808/,《百年孤独》是魔幻现实主义文学的代表作，描写了布恩迪亚家族七代人的传奇故事，以及加勒比海沿岸小镇马孔多的百年兴衰，反映了拉丁美洲一个世纪以来风云变幻的历史。作品融入神话传说、民间故事、宗教典故等神秘因素，巧妙地糅合了现实与虚幻，展现出一个瑰丽的想象世界，成为20世纪最重要的经典文学巨著之一。1982年加西亚?马尔克斯获得诺贝尔文学奖，奠定世界级文学大师的地位，很大程度上乃是凭借《百年孤独》的巨大影响。,[哥伦比亚] 加西亚・马尔克斯
 8.2 ,伤心咖啡馆之歌,https://book.douban.com/subject/2061644/,"《伤心咖啡馆之歌》收入了麦卡勒斯的七篇中短篇小说，其中包括最著名的《伤心咖啡馆之歌》，以及麦卡勒斯十七岁时发表的处女作《神童》。,诸篇小说的背景多样，有都市生活的，有大学生活的，也有家庭生活的，但其反映的主旨似仍在人物的内心世界，以及那种没来由的孤独感。书中除《伤心咖啡馆之歌》和《家庭困境》曾被引介入国内，其余均为首次面世。",[美] 卡森・麦卡勒斯
 8.1 ,刺猬的优雅,https://book.douban.com/subject/3899039/,"一个是不安分的女孩, 生于富裕家庭、父亲是国会议员,聪明得可以说是天才. 即便拥有看似完美的一切，却着实厌倦生活中的所有，小小眼睛已看透成人世的虚伪与空虚,被老爱大惊小怪的妈妈误认为精神异常。面对荒谬的外在世界，她为自己订了个人生目标──在十三岁生日当天自杀，并放火烧了父母的豪宅……,一个是人见人不爱的门房, 在住满达官显贵、菁英分子的高级公寓，过着隐形人般的生活。耍笨、装丑、耍粗俗，这是她每天必须谨守的本份。在掩人耳目的背后，她的心灵密室塞满胡塞尔现象学、弗洛伊德、中世纪哲学……,一少一老的奇异邂逅，她们如何蜕变、重生……",[法] 妙莉叶・芭贝里
 9.3 ,冰与火之歌（卷一）,https://book.douban.com/subject/1336330/,"《冰与火之歌》由美国著名科幻奇幻小说家乔治・R・R・马丁所著，是当代奇幻文学一部影响深远的里程碑式的作品。它于1996年刚一问世，便以别具一格的结构，浩瀚辽阔的视野，错落有致的情节和生动活泼的语言，迅速征服了欧美文坛。迄今，本书已被译为数十种文字，并在各个国家迭获大奖。,本书主要描述了在一片虚构的中世纪大陆上所发生的一系列相互联系的宫廷斗争、疆场厮杀、游历冒险和魔法抗衡的故事，全书七卷（包括未出的各卷）浑然一体，共同组成了一幅壮丽而完整的画卷。书名“冰与火”，为的是突出人性挣扎的含义，书中塑造了无数的人物，但其着眼点，却并非孤立地凸现英雄主义，奉献精神或奸猾阴谋，而是将书中人物放在一个“真人”的角度，写出他或她在时代和社会的旋涡中不同的境遇与选择。从写作上说，本书与莎翁的《哈姆雷特》颇有共通之处。从中，读者便能与之产生呼应，共同经历这冰与火的洗礼。,...,《冰与火之歌》由美国著名科幻奇幻小说家乔治・R・R・马丁所著，是当代奇幻文学一部影响深远的里程碑式的作品。它于1996年刚一问世，便以别具一格的结构，浩瀚辽阔的视野，错落有致的情节和生动活泼的语言，迅速征服了欧美文坛。迄今，本书已被译为数十种文字，并在各个国家迭获大奖。,本书主要描述了在一片虚构的中世纪大陆上所发生的一系列相互联系的宫廷斗争、疆场厮杀、游历冒险和魔法抗衡的故事，全书七卷（包括未出的各卷）浑然一体，共同组成了一幅壮丽而完整的画卷。书名“冰与火”，为的是突出人性挣扎的含义，书中塑造了无数的人物，但其着眼点，却并非孤立地凸现英雄主义，奉献精神或奸猾阴谋，而是将书中人物放在一个“真人”的角度，写出他或她在时代和社会的旋涡中不同的境遇与选择。从写作上说，本书与莎翁的《哈姆雷特》颇有共通之处。从中，读者便能与之产生呼应，共同经历这冰与火的洗礼。,那么《冰与火之歌》究竟有什么独特之处，在阅读中有哪些地方需要关注呢？,首先，本书采用了独特的视点人物写作手法（POV）。通俗地说，就好比一部大片，导演将摄影机装在不同人物的身上，并不断切换。整个故事，由甲人物以自身立场讲述一段后，便换为乙人物来讲述，以此类推，周而复始。翻开本书可看到，每章节的名称皆为一人物名，该人物便是本章的视点人物。这样的写法，不仅大大增强了代入感，尤为重要的是，它主观地限制了读者（通过视点人物的视野）获取信息和进行思考的广度，为书中错综复杂的线索设置提供了必要的帷幕。作者的另一巧思在于，相对于采取这一写法的同类作品常出现的时间线索混乱，叙事搅成一团等弊端，本书经过精心梳理后，每个章节的时间互不交叉，而是呈现精巧的上下承接的关系，虽然视点人物不同，但故事却在不断前进。,其次，本书每个章节张弛有度，节奏感非常强烈，能吸引人连续地阅读。作者在写作《冰与火之歌》之前，已获得多次雨果奖、星云奖、轨迹奖等等，并在好莱坞担任编剧长达十年之久，丰富的经历，使本书成为了他三十多年写作经验的总括和升华之作。在本书每个章节，读者都可以很轻松地发现其自身的起始、进行和高潮，本书的每一卷，也形成自身的起始、进行和高潮，乃至在由整个七卷组成的《冰与火之歌》，也呈现出这样完整的结构。不仅互相串联，其中更包含了无数的情节兴奋点。作者曾经说，担任编剧，最痛苦的是不能将自己的才华在四十五分钟一集的时间内释放出来，而本书，从某种意义上说，正是他对自身抱负的一种实现。,第三，这本书，诚如上面已提及的，其核心在于“人”本身。由是，它没有简单的答案，并不是一本可以懒洋洋浏览的书。它不仅包括无数扣人心弦的情节，更重要的是，它所描述的情景，往往是真实人生中无可回避，必须面对的东西。因为人本身是最复杂的。看过本卷《权力的游戏》的读者朋友，不妨在下列问题上作深入的思考，如琼恩・艾林死亡的真相，行刺布兰的真相，乃至琼恩的父母等等，相信作者最后会让你大吃一惊。同时，相对于其他的奇幻作品，习惯于主角落地百尺毫发无伤，或危机时刻总能化险为夷的读者，本书可能是一个真正的惊愕。在作者笔下，每个角色均以其真实的轨迹在运行，有成功，也有痛苦，甚至死亡，本书正是通过这样的构架翻动着读者的情绪。,第四，本书是典型的西方史诗奇幻文学。既然是史诗，其落脚点就是整个书中呈现的世界，关注的问题宏伟，全书的格局庞大。历史，人物，宗教，神话交织在一起，展示出一个亦幻亦真的世界。或许会有读者认为，本书更像一本历史小说，这种论断有其合理之处。马丁本人曾在采访中言道:“我喜欢历史小说，但历史小说最大的局限是结局已经基本注定，不论作者付出多大的巧思，都失去了最大的悬念点和高潮处-结尾。”所以，他选择了《冰与火之歌》这样一个虚构的世界。另一点值得关注的是，在奇幻文学必不可少的元素“魔法”的处理上，作者马丁秉承托尔金的精神，运用得非常谨慎，着意刻画神秘感。读者或许记得，《魔戒之王》虽是一部典型的奇幻作品，且出现大量的神灵和超自然现象，乃至伟大的法师甘道夫等等，但书中却没有具体描述一种魔法。针对这一特点，马丁曾经说“魔法等元素就好比调料，不用则无以凸现奇幻氛围，滥用则会串味。”在这一思想的指导下，相对于无数火球满天飞的“奇幻”作品，《冰与火之歌》之中的魔法显得非常精细、神秘和巧妙。,一直以来，国内的奇幻文坛苦于少有优秀奇幻文学作品的引进。少量以次充好，粗制滥造的作品，甚至使得文学界将在西方百花齐放，无比兴旺的幻想文学归入了少儿读物和幼稚作品一类。纵然在关注奇幻文学的读者群中，参差不齐的玄幻文学，也蒙蔽了人们的视线。透过本书的出版，阅读一本真正的奇幻作品，感受一下奇幻小说无穷的魅力，让她真正地扎下根来！,可以想见，本书的成功，必将推动新一轮奇幻文学作品引进和阅读的风潮！",[美] 乔治・R. R. 马丁
 8.4 ,小妇人,https://book.douban.com/subject/1427288/,"这部小说以家庭生活为描写对象，以家庭成员的感情纠葛为线索，描写了马奇一家的天伦之爱。马奇家的四姐妹中，无论是为了爱情甘于贫困的海格，还是通过自己奋斗成为作家的乔，以及坦然面对死亡的贝思和以扶弱为己任的艾米，虽然她们的理想和命运都不尽相同，但是她们都具有自强自立的共同特点。描写了她们对家庭的眷恋；对爱的忠诚以及对亲情的渴望。,马奇一家有四个姐妹，生活清贫、简单而又温馨。四组妹性格迥异；老大梅格漂亮端庄，有些爱慕虚荣；老二乔自由独立，渴望成为作家，老三贝丝善良羞涩，热爱音乐，老四埃米聪慧活泼，爱好艺术，希望成为一名上流社会的“淑女”。,所有时代的所有少女成长过程中所要面对的经历的，都可以在这本书中找到：初恋的甜蜜和烦恼，感情与理智的译，理想和现实的差距，贫穷与富有的矛盾。,《小妇人》故事情节简单真实，却感人至深，问世一百多年以来，多次被般上银幕，并被译成...,这部小说以家庭生活为描写对象，以家庭成员的感情纠葛为线索，描写了马奇一家的天伦之爱。马奇家的四姐妹中，无论是为了爱情甘于贫困的海格，还是通过自己奋斗成为作家的乔，以及坦然面对死亡的贝思和以扶弱为己任的艾米，虽然她们的理想和命运都不尽相同，但是她们都具有自强自立的共同特点。描写了她们对家庭的眷恋；对爱的忠诚以及对亲情的渴望。,马奇一家有四个姐妹，生活清贫、简单而又温馨。四组妹性格迥异；老大梅格漂亮端庄，有些爱慕虚荣；老二乔自由独立，渴望成为作家，老三贝丝善良羞涩，热爱音乐，老四埃米聪慧活泼，爱好艺术，希望成为一名上流社会的“淑女”。,所有时代的所有少女成长过程中所要面对的经历的，都可以在这本书中找到：初恋的甜蜜和烦恼，感情与理智的译，理想和现实的差距，贫穷与富有的矛盾。,《小妇人》故事情节简单真实，却感人至深，问世一百多年以来，多次被般上银幕，并被译成各种文字，成为世界文学宝库中的经典名作。书中描写的种种情感体验和生活经历，都曾经、正在并将要发生在每一个少女走向成熟的过程之中；书中提倡善良、忠诚、无私、慷慨、尊严、宽容、坚韧、勇敢、亦是人类永远尊崇和追求的美德和信低仰。所有这些，赋予这本书超赵时代和国度的生命力，这也正是她成为不朽的典的魅力和原因所在。",（美）路易莎?梅?奥尔科特
 9.0 ,万物既伟大又渺小,https://book.douban.com/subject/4714015/,"年轻的兽医吉米・哈利踌躇满志地来到乡间工作，谁知道等待他的却是层出不穷的“惨事”。半夜穿睡衣出诊，被人一捧一逗地揶揄不说，饿得要崩溃，却忘了带钱，只能眼睁睁地看着三明治被端走；挨马踢狗咬也就罢了，还被一只小京巴认作干叔叔，除了礼物竟然还送签名照；好不容易约上了心仪的女孩，结果窘事连连，一波三折……,除了那些让人捧腹的趣事之外，吉米・哈利还用充满柔情的笔触描写了英国乡间怡人的风景，以及在那里生活着的纯朴而热情的人们。他总是怀着满腔的热情去拥抱生活，并将其优雅地表现于笔端，带给读者同样的感动与欢乐。",[英] 吉米・哈利（James Herriot）
 8.6 ,呼啸山庄,https://book.douban.com/subject/1033997/,"《呼啸山庄》通过三十多年的时间跨度，叙述了恩肖和林敦两家两代人的感情纠葛这样一个错综复杂、惊心动魄的故事。艾米莉打破传统，率先采用了基本倒叙法，即小说的主体部分采用倒叙，只有开头的三章和结尾的四章是顺叙。一上来就让读者看到了这场爱情复仇风暴的基本格局，把呼啸山庄的那种荒凉、败落的环境和人际冷漠、紧张的气氛，呈现在读者的面前，使读者和洛克伍德一起产生了种种疑团。通过洛克伍德夜宿山庄的所见所闻和可怕的梦魇，山庄有了一种悲凉和神秘的色彩，更加增加了悬念，迫使读者非去寻根问底、弄个水落石出不可。 《呼啸山庄》不仅结构奇巧，手法独特，而且在细节的描写和语言的运用上，也有其独到之处。不管是景色、器物还是人物外表，描写都极为鲜明精细，如对两个庄园周围的自然景色和内部的家具布置的描写等，就连故事情节的年月日，也都非常确切严密，甚至可以列出一张精确的年代表。所用的语言...,《呼啸山庄》通过三十多年的时间跨度，叙述了恩肖和林敦两家两代人的感情纠葛这样一个错综复杂、惊心动魄的故事。艾米莉打破传统，率先采用了基本倒叙法，即小说的主体部分采用倒叙，只有开头的三章和结尾的四章是顺叙。一上来就让读者看到了这场爱情复仇风暴的基本格局，把呼啸山庄的那种荒凉、败落的环境和人际冷漠、紧张的气氛，呈现在读者的面前，使读者和洛克伍德一起产生了种种疑团。通过洛克伍德夜宿山庄的所见所闻和可怕的梦魇，山庄有了一种悲凉和神秘的色彩，更加增加了悬念，迫使读者非去寻根问底、弄个水落石出不可。 《呼啸山庄》不仅结构奇巧，手法独特，而且在细节的描写和语言的运用上，也有其独到之处。不管是景色、器物还是人物外表，描写都极为鲜明精细，如对两个庄园周围的自然景色和内部的家具布置的描写等，就连故事情节的年月日，也都非常确切严密，甚至可以列出一张精确的年代表。所用的语言的质朴、生动、明快、流畅，不事雕琢，但又遒劲、凝练、简洁，惜墨如金，从而使作品大大地加强了真实感人的生活气息，渲染了强烈浓厚的思想感情，丰富了奇特超凡的主观想像。再加上梦幻、象征、预兆、隐喻的运用，以及神秘、怪诞的哥特式手法，使作品更加富有诗意，加强了深度和力度。",[英] 艾米莉・勃朗特
 8.1 ,廊桥遗梦,https://book.douban.com/subject/1011702/,廊桥书系，这是以反映现当代外国文学现状、发展和成就为宗旨的一套丛书。其特点为：一．选取代表欧美主流文学的获奖作品，如：2001年英国最大文学奖项布克奖获奖图书《凯利帮真史》，1939年美国最大文学奖项普利策奖获奖图书《鹿苑长春》。二.曾经受到和正在受到各国读者欢迎的现当代外国畅销书，在国外畅销书榜上均有过不俗的辉煌业绩，如《廊桥遗梦》。三．选取近一两年国外刚刚出版的有影响的重要作品，如：2001年美国国家奖入围作品《风雨红颜》，被称作美国文坛“大姐大”的女作家欧茨的最新力作《中年》。所有这些图书都有一个共同特点：可读性强。正因如此，该书系彰显畅销品相，定能受到读者的普遍喜欢。,（美）罗伯特?沃勒
 8.4 ,简・爱,https://book.douban.com/subject/1894745/,《简?爱》的主要内容是：出身贫寒的简?爱在做家庭教师时，与男主人罗切斯特产了真挚的爱情。就在两人的婚礼上，简?爱发现罗切特家的阁楼上藏着一个疯女人，而她竟是罗切斯特的结发妻子。简?爱而离开。不久，疯女人火烧庄园，罗切斯特双目失明，并陷于贫困。就在他对活感到绝望之际，简?爱回到了他的身边。,[英] 夏洛蒂・勃朗特
 8.0 ,安妮日记,https://book.douban.com/subject/1042434/,一个十六岁的少女，最大的愿望是做一名记者和作家，却因为希特勒发动的一场邪恶的战争，于花季之龄死于纳粹集中营。日记是安妮遇难前两年藏身密室时的生活和情感的记载。作为一名成长中的少女，她在日记中吐露了与母亲不断发生冲突的困惑以及对性的好奇。在种族歧视和战争迫害的社会大环境中，藏匿且充满恐怖的密室生活，在她朴实流畅的笔下，深深地揪动着每一个读者的心。因此，《安妮日记》不仅仅是一名成长中的少女心灵世界的独出心独白，更是德军占领下的人民苦难生活的目击报道。,安妮.弗兰克
 8.1 ,往事,https://book.douban.com/subject/21263656/,"十岁的菲利克斯住在山顶上一家由修女开办的孤儿院里三年零八个月了。他坚信他的父母依然活着，会来接他回家，一家人重新过上幸福的生活。当一群德国纳粹分子冲进孤儿院烧毁书籍的时候，菲利克斯开始担心有着犹太身份、靠卖书为生的父母的性命也危在旦夕。,菲利克斯逃出了孤儿院，独自找寻自己父母的下落。在当时，纳粹党人已经控制了波兰全境，全力捕捉并绞杀犹太人。菲利克斯只能一边躲避纳粹的追捕，一边偷偷打听自己父母的消息。他在一场大火中救出了一个叫塞尔达的小女孩，随后两个人展开了一段共同逃亡的冒险旅程。",(澳)莫里斯・葛雷兹曼
 8.4 ,茶花女,https://book.douban.com/subject/1007045/,本书系世界文学名著，曾以小说、话剧、歌剧三种形式出版和演出，三者都以其不朽的艺术价值成为传世佳作。小说描写青年阿尔芒与巴黎名妓玛格丽特热恋。正当她决定变卖家俱以便同恋人开始新的生活之际，却遭到阿尔芒悲痛万分……小说以细腻的笔触，把一个名妓的复杂心态，描写得淋漓尽致，令人读后不禁卷沉思。,（法）小仲马
 7.5 ,分手信,https://book.douban.com/subject/3242857/,"生长于单亲家庭的约翰，跟父亲难以沟通，终日自暴自弃。入伍后，他成长蜕变，并意外结识了清纯可人的莎文娜。约翰不只重新认识了爱情，更在莎文娜的帮助下正视父亲的社交障碍。,就在约翰即将退伍，两人终将长相厮守时，911事件爆发，约翰与战友们重回军旅。然而爱情是多么需要悉心照料！在巴格达，约翰收到寄自莎文娜的一封让他的世界风云变色、却也让他更深刻思索爱情真义的――分手信。,多年后，始终无法忘怀的约翰来到莎文娜的家乡，他将有什么意外的发现？而发现真相之后的约翰，又该如何做出抉择？",[美] 尼古拉斯・斯帕克思
 8.5 ,神曲（全三册）,https://book.douban.com/subject/1055234/,《神曲》是但丁的代表作。故事叙述主人公但丁本人在三十五岁那年突然迷失了正路，彷徨了一夜之后，来到一座曙光笼罩的小山脚下，刚欲登山，却被三只野兽(豹、狮、狼)挡住去路。危急之中，古罗马诗人维吉尔受贝雅特丽齐嘱托，前来搭救他，并引导他去游历了地狱和炼狱，后贝雅特丽齐又亲自引导他游历天国。《地狱篇》、《炼狱篇》和《天国篇》三部曲是但丁游历过程和见闻的记载。《神曲》广泛反映了当时的社会生活现实，给了中古文化以艺术性的总结，并显现出了文艺复兴时代人文主义思想的曙光。,但丁
 8.7 ,梵高传,https://book.douban.com/subject/1092149/,"荷兰画家温森特・梵高是19世纪人类最杰出的艺术家之一。他热爱生活，但在生活中屡遭挫折，艰辛备尝。他献身艺术，大胆创新，在广泛学习前辈画家伦勃朗等人的基础上，吸收印象派画家在色彩方面的经验，并受到东方艺术，特别是日本版画的影响，形成了自己独特的艺术风格，创作出许多洋溢着生活激情、富于人道主义精神的作品，表现了他心中的苦闷、哀伤、同情和希望，至今饮誉世界。,被誉为传记小说之父的美国现代作家欧文・斯通，在梵高还默默无闻的时候便写出了这部文学传记，时年仅26岁。60余年来，梵高的身世打动了无数读者，其魅力至今犹在。这部作品也便成了作家的成名之作，并被译成80余种文字，发行数千万册。",[美] 欧文・斯通
 8.9 ,魔戒（第三部）,https://book.douban.com/subject/1071794/,《魔戒》这是一部有关史前人类霍比特人的故事。弗拉多为了拯救族人，前往火焰山的厄运山口，要摧毁魔戒的魔力，使人类免受黑势力的奴役……。《魔戒王三部曲》是英国牛津大学中世纪英国文学教授J.R.R.托尔金于1954年推出的系列作品。它一经问世就在英美两国乃至全世界掀起了轩然大波，随即成为西方奇幻文学殿堂的经典之作，并影响了好几代的读者。至今《魔戒王三部曲》已被译成25种不同语言，全球销售量达9000万册以上。托尔金教授创造的中古大地魔幻社会，结构精密，住着不同的种族，而哈比族少年佛洛多被卷入一场争夺魔戒的正邪大战，凭着勇气和友人的帮助，终于战胜黑暗力量。,托尔金
 9.1 ,追忆似水年华（上下册）,https://book.douban.com/subject/1092168/,"小说以回忆的形式对往事作了回顾，有童年的回忆、家庭生活、初恋与失恋、历史事件的观察、以及对艺术的见解和对时空的认识等等。时间是这部小说的主人公。作者凭着智慧和想象力，使时间变得具体、生动、完美。它就像一首由多种主题构成的交响乐，爱情、嫉妒、死亡、回忆、时光，时而交叉重叠在一起，时而又游离开来，然而在宏观上，整个作品浑然一体，具有蓬勃的生命力。,普鲁斯特的《追忆似水年华》被公认为文学创作的一次新的尝试，开意识流小说之先河。",[法国] 马塞尔・普鲁斯特
 7.7 ,关于莉莉周的一切,https://book.douban.com/subject/1926700/,故事发生在田园风景广袤幽静的彼端。默默忍受着同学欺负的莲见雄一，逐渐变得自闭孤僻。他只有在歌手“莉莉周”的歌声里寻求安慰，习惯于在“莉莉周”的网站BBS和别人交流。在这个虚拟世界里，他和一个叫“青猫”的ID相遇。随着倾诉的话语愈加痛楚，他们互相安慰，彼此温暖，约定在莉莉周演唱会上见面，那一晚，当莉莉周的音乐响起，在那个现实与虚幻的交叉点上，却爆发成一个残酷的青春物语……,[日] 岩井俊二
 8.8 ,爱的艺术,https://book.douban.com/subject/3026879/,"《爱的艺术》是德裔美籍心理学家和哲学家、法兰克福学派重要成员艾里希-弗洛姆最著名的作品，自1956年出版至今已被翻译成32种文字，在全世界畅销不衰，被誉为当代爱的艺术理论专著最著名的作品。,在这本书中，弗洛姆认为，爱情不是一种与人的成熟程度无关，只需要投入身心的感情。如果不努力发展自己的全部人格并以此达到一种创造倾向性，那么每种爱的试图都会失败，如果没有爱他人的能力，如果不能真正谦恭地、勇敢地、真诚地和有纪律地爱他人，那么人们在自己的爱情生活中也永远得不到满足。,弗洛姆进而提出，爱是一门艺术，要求想要掌握这门艺术的人有这方面的知识并付出努力。在这里，爱不仅仅是狭隘的男女爱情，也并非通过磨练增进技巧即可获得。爱是人格整体的展现，要发展爱的能力，就需要努力发展自己的人格，并朝着有益的目标迈进。,此版特别收录弗洛姆学术助手纪念文章《弗洛姆生命中的爱》。",[美] 艾・弗洛姆
 8.4 ,寻欢作乐,https://book.douban.com/subject/10768068/,"1930年，《寻欢作乐》以连载的形式最初发表于《时尚芭莎》,1958年，毛姆在接受采访时称，《寻欢作乐》是他本人最得意与最喜爱的一部小说。,上个世纪的英国作家中，毛姆也许不是最伟大的，却无疑是最雅俗共赏、最令读者喜爱的一位。本书是毛姆公开承认最得意与最喜爱的作品。他一改以往作品中对女性的偏见，以爱慕者的身份来追忆一个美丽女人的一生，点缀以许多文艺圈中的韵事逸闻。大作家德里费尔德及去世后，他妻子请人为他立传。小说的叙述者阿申登被传记作者请来回忆当年和作家的交往，故事由此展开，在阿申登的记忆深处，我们发现了作家的前妻，迷人的罗西，她生性风流，处处留情，却不失善良坦诚与可爱……,在《寻欢作乐》里，毛姆从现实中取材，将虚实相掺，借故事叙述者阿申登之口叙述了其与著名作家德里费尔德及其前妻罗西的早年交往，而这段往事正是另一位流行小说家基尔所要挖掘的传记题材。读者...,1930年，《寻欢作乐》以连载的形式最初发表于《时尚芭莎》,1958年，毛姆在接受采访时称，《寻欢作乐》是他本人最得意与最喜爱的一部小说。,上个世纪的英国作家中，毛姆也许不是最伟大的，却无疑是最雅俗共赏、最令读者喜爱的一位。本书是毛姆公开承认最得意与最喜爱的作品。他一改以往作品中对女性的偏见，以爱慕者的身份来追忆一个美丽女人的一生，点缀以许多文艺圈中的韵事逸闻。大作家德里费尔德及去世后，他妻子请人为他立传。小说的叙述者阿申登被传记作者请来回忆当年和作家的交往，故事由此展开，在阿申登的记忆深处，我们发现了作家的前妻，迷人的罗西，她生性风流，处处留情，却不失善良坦诚与可爱……,在《寻欢作乐》里，毛姆从现实中取材，将虚实相掺，借故事叙述者阿申登之口叙述了其与著名作家德里费尔德及其前妻罗西的早年交往，而这段往事正是另一位流行小说家基尔所要挖掘的传记题材。读者可依稀指认出德里费尔德是在影射哈代，基尔由休?沃尔波尔脱胎而来，至于罗西，则分明是乔伊斯笔下莫莉?布鲁姆的翻版。,一个文学奇才绘声绘色地讲述文艺圈里的逸闻韵事……准确，机智，充满讥讽，却半点不浮夸。,――《旁观者》杂志,毛姆在拿捏人们对八卦信息的胃口方面，可谓大师。他懂得在恰当的时候卖关子，然后选择一个令人吃惊的时候说出来。,――伊夫林?沃,鄙意毛姆最好的小说是《寻欢作乐》和若干短篇，《刀锋》次之，《月亮和六便士》又次之。           ――止庵",[英] 威廉・萨默塞特・毛姆
 8.2 ,十一种孤独,https://book.douban.com/subject/10486418/,《十一种孤独》以冷峻的笔触描写了美国二战后五六十年代普通纽约人的生活，写了十一种孤独的人生，主人公都是缺乏安全感、生活不太如意的人：曼哈顿办公楼里被炒的白领、有着杰出想象力的出租车司机、屡屡遭挫、一心想成为作家的年轻人、即将结婚十分迷茫的男女、古怪的老教师、新转学的小学生、肺结核病人、老病号的妻子、爵士钢琴手、郁郁不得志的军官、退役军人等。耶茨笔下都是普通人的普通生活，描写的是普通人的孤独、失落与绝望，他自己曾说：“如果我的作品有什么主题的话，我想只有简单一个：人都是孤独的，没有人逃脱得了，这就是他们的悲剧所在。”,理查德・耶茨
 8.7 ,鼠疫,https://book.douban.com/subject/5406559/,《鼠疫》是加缪最重要的代表作之一，通过描写北非一个叫奥兰的城市在突发鼠疫后以主人公里厄医生为代表的一大批人面对瘟疫奋力抗争的故事，淋漓尽致地表现出那些敢于直面惨淡的人生、拥有“知其不可而为之”的大无畏精神的真正勇者不绝望不颓丧，在荒诞中奋起反抗，在绝望中坚持真理和正义的伟大的自由人道主义精神。,（法）加缪
 9.1 ,S.,https://book.douban.com/subject/25897476/,"@不只是一本小f,更是一鎏鸺本可能性的⑹旅半U，一部Io文字的尤饲,中收w解i索，遭美D^抗h，本只能收藏，o法借！,@不只是一本，@是一穿越r空而淼奈锛，是解i的匙…,素未\面的陌生x者，因ν一本的V迷，ξ淖址挪幌碌讨，,y手踏上了一鲈H的追ぶ路……,☆一本小f,本的故事主w《希修斯之船》，是一位神z多a作家V.M.石察卡的最後一部小f，v述一名男子在海上大船中醒恚忘了自己的身分，不缘米约旱乃在地c，X中只剩下一i优子的影像，於是Q定去ふ宜……@本赫赫有名的作品@著o抵iF，凳年砦引研究者狂投入探索。P於作者的真身分，就有11N不同的推y，而且每一N都有扎的文本和作者分析榛A。魇察卡Y局到一半，就在一家小旅^人g蒸l，打字C上的稿散y一地，第十章消失了，窗有c...,@不只是一本小f,更是一鎏鸺本可能性的⑹旅半U，一部Io文字的尤饲,中收w解i索，遭美D^抗h，本只能收藏，o法借！,@不只是一本，@是一穿越r空而淼奈锛，是解i的匙…,素未\面的陌生x者，因ν一本的V迷，ξ淖址挪幌碌讨，,y手踏上了一鲈H的追ぶ路……,☆一本小f,本的故事主w《希修斯之船》，是一位神z多a作家V.M.石察卡的最後一部小f，v述一名男子在海上大船中醒恚忘了自己的身分，不缘米约旱乃在地c，X中只剩下一i优子的影像，於是Q定去ふ宜……@本赫赫有名的作品@著o抵iF，凳年砦引研究者狂投入探索。P於作者的真身分，就有11N不同的推y，而且每一N都有扎的文本和作者分析榛A。魇察卡Y局到一半，就在一家小旅^人g蒸l，打字C上的稿散y一地，第十章消失了，窗有cc血E。那N，@本《希修斯》的Y局，y道是假他人之手完成？,☆x者,珍妮 & 艾瑞克。一是即I的大四W生、一是遭逐x校的研究生，扇饲『枚颊面R人生的重要抉瘢@些抉⒁灰蛔笥椰F在的自己、未沓樵觞N拥娜耍以及自己是否敢е岢馈痛以及恐郑放去相信自身以外的另一人……,有一天，珍妮o意g在D^架上斓搅艘槐尽断Ｐ匏怪船》，主是文W研究生艾瑞克，此是他的文主}，因此gM了眉批c研究P。坶x的珍妮Α断Ｐ匏埂纷髡叩奈秘辛早有耳，她情不自禁地在空白留言o艾瑞克，抒l看法，K把留在架上的原……就@樱《希修斯之船》成了陌生x者之g的BY，一硪煌的上φ，就此展_。,扇说幕俞方Q日，一方面讨探究《希修斯》的一字一句，一方面也越碓缴钊氡舜说纳活，透^小f主人翁的心境，抒l彼此的生活共Q。uu地，艾瑞克lF，唯有靠著珍妮的椭，x者才能牟煌的x角度，一起清中iF的真相。然而，他越碓缴钊胄≌f的核心，竟lF故事∏榘挡刂作家石察卡求救的息，而威{作家的神秘人物，也已盯上了@x者……,☆你,而F在，你翻_手中的@本，_始g[晌蛔x者的P、A在中的餐巾、剪蟆⒖ㄆ、明信片，甚至_P…..你lF，g出F了不凫墩淠莺桶瑞克的第三人字E，的是「S」@字母……你⒊檫@起乙墒录的一份子，和晌恢鹘且煌揭_作家石察卡的下落之i……,【N心附]】,x者收到@本的r候，λ的外^感到非常疑惑。]e，它看起硎悄屈N地古老，就像是D^的架上拿下淼囊樱背上有a。泛S的面上，有著原子P墨水的u注，仔一看，是人的]，{色、黑色、紫色、S色、t色、G色，因著u注的rg而有不同。,另外，gA著信件、便`、照片、卡片、明信片、剪蟆⒘_P等等，⑹悄⑴c@趟x之旅的重要索，@些小配件使本成槊D^o法_放借的一本。,之，本不只是，而是一物件，彷恼世界的另一^送到你手上的@只物件，是整起故事的C，也是索。只要你翻_本，即⑦M入@教人o法抽身的鲇颍y以自拔…,你眼前的一切，都是本的配件索。","J. J. 伯拉罕(J. J Abrams),道格・道斯特(Doug Dorst)"
 8.3 ,包法利夫人,https://book.douban.com/subject/1097052/,"《包法利夫人》(精装)是一幅道地的法国十九世纪的外省风俗画,其完美严谨的语言风格更是为后人传为美谈。美丽的主人公艾玛是富裕农民的独生女,因不甘与忠厚老实的丈夫过平庸的生活,两次发生婚外情,后均遭情人抛弃;又因过度消费,债台高筑,终于被迫自杀。著名作家左拉称《包法利夫人》(精装)为“同类小说准确无误的典范”。",[法]福楼拜
 8.3 ,黑暗中的笑声,https://book.douban.com/subject/1766685/,本一九三二年柏林写成，书名为《暗箱》，在巴、柏林两地出版；一九六年由・洛伊译为文，用原名在敦出版；一九三八年由纳博科夫本人作大幅度修并重译后在纽约出版，更名《黑暗中声》。小说仿效二三十年代电影中盛行的那种廉价三角恋爱故事，开始就以电影为，引出主要人物之间的关系。男主角欧比纳斯想用动画片这种技巧让古代大师的画作“活动起来”，提议与讥刺画家雷克斯合作。欧比纳斯对影院引座员玛戈一见钟情，“着了似的爱看电影”的玛戈一心梦想当影，当她确信他属于能为“登上舞台和银幕提供条件”的阶层时，便决定与他来往。欧比纳斯为招待明星而举办的宴会，则为玛戈与昔日情人雷克重逢创造了机会，由此构成三角关系，直到小说以悲剧结束。,弗拉基米尔・纳博科夫
 7.9 ,物质生活,https://book.douban.com/subject/2147647/,"《物质生活》收有杜拉斯的48篇随笔、小说，长短不一，短文不过三、五百字，长的有一万字，大多与写作的事相关，涉及作者自己的作品，以及与此相关的其它方面，有关与扬・安德烈结识之事，作者本人饮酒致疾等，也是书中记述的材料。,具体篇目包括《作家的身体》、《八二年10月》、《幻影纷至沓来》、《披巾的那种蓝色》、《夜里的最后一个顾客》、《化学气味》、《话语的高速公路》等文章。,这本书没有开端，也没有终结，也没有中间部分。杜拉斯说，每一本书都有一个存在的理由，如果这样，《物质生活》就不属于其中的任何一种。关于《物质生活》的笔法，杜拉斯用了一个词形容：“流动”。",[法] 玛格丽特・杜拉斯
 7.9 ,斯泰尔斯庄园奇案,https://book.douban.com/subject/1946666/,"斯泰尔斯庄园的女主人埃米莉・艾格尼丝・英格尔索普太太掌管着庄园的财政大权。某天凌晨时分她在自己的房间里毒发身亡，而房间的三个门都是从里面锁上的。,波洛在调查此案的过程中发现了壁炉里烧毁的遗嘱碎片，打碎的咖啡杯，门上的衣物碎片，一大片蜡烛油等一系列疑点；而在调查过程中最大的疑犯――英格尔索普太太的丈夫，英格尔索普先生却有不在场的证据，波洛开始在英格尔索普太太前夫的两个儿子约翰・卡文迪什和劳伦斯・卡文迪什，以及玛丽・卡文迪什太太、辛西娅小姐中寻找凶手，而每个人似乎都有许多疑点，到底英格尔索普太太是被某个人杀死，还是被某几个人合谋杀死的呢？",[英] 阿加莎・克里斯蒂
 9.1 ,是，大臣,https://book.douban.com/subject/10764363/,"这是一本独特的政治学兼文学著作，旨在讽刺英国文官制度。以一位大臣的亲身阅历展现英国官僚政治内幕。同名BBC电视剧曾在全球热播（当年在中国播出的“正大综艺版”也成为一代人追忆的经典），本书和续篇《是！首相》也在全世界风行。,“从这本写实的书中读者可以欣赏到圆熟的套语，逗乐的幽默、奇妙的行话，以及一连串非加注释不能懂的缩略语。书中每一章节都构成一个完整的故事，且情节曲折，引人入胜。”","(英)乔纳森・林恩,(英)安东尼・杰伊 编著"
 7.9 ,英国贵族史,https://book.douban.com/subject/1224187/,《英国贵族史》作为英国专门史读物，力图为历史学者和爱好者提供一点参考。书中勾勒了英国贵族的发展脉络，揭示了他们先从军事贵族到封建贵族、继而从封建贵族到资产阶级贵族、再从资产阶级贵族中衍变出工党贵族的基本轨迹，阐明了各个时代贵族涵义的广义和狭义区别。另外，还介绍和论证了贵族等级体制与国家政权的关系，指出了他们在国家政治生活中的重要地位、作用和影响。,阎照祥
 7.6 ,最重要的事，只有一件,https://book.douban.com/subject/26656532/,"本书曾持续稳居亚马逊总榜第一！,本书被评为“2015年最佳读物”！,每个人都向往成功、幸福的人生，但我们往往被一些看似真切的谎言所误导，比如：,每件事都很重要，你可以同时处理多件事，你应该过上有规律的生活，达到工作与生活之间的平衡等等。其实，这些想法只会让我们离成功越来越远。加里?凯勒在超级畅销书《最重要的事，只有一件》中告诉我们：尽量缩小目标，专注于当下那一件最重要的事，就能够获得成功高效的生活。","[美] 加里・凯勒,[美]杰伊・帕帕森"
  ,|m家的石像怪 03,https://book.douban.com/subject/4247126/,下定Q心⑺治是很好啦……但不知如何Q，也]半c眉目。@r，老子加助和搭n小光接下了一份委─―@n工作竟然是保o「`魂之}」，而虎眈眈的是那怪I百色！？喂！小光！就算工作鏊是在豪A]上，F在可]f工夫把大堑淖羧拉恚在船上享受吃到和泡泳池吧！G，看！船上一下子就被的狐狸面具人o占I――等一下，@些砘锸恰…！？超人庀盗械冢臣蟮剑,"田口仙年堂,日向悠二"
  ,デ`ゲンメイデン  1.台觥I断,https://book.douban.com/subject/11504771/,,田口 仙年堂
  ,吉永家的石像怪 11,https://book.douban.com/subject/6760189/,"《吉永家的石像怪》是目前日本豳u的p小f之一，中充M特性的人物角色及pg返墓适拢是L靡多x者群的人庾髌贰Ｗ越衲晁脑缕鸶木成卡通在日本播放後，更是⒃本g返谋笑故事l]的淋漓M致，除了卡通之外，目前也l行了漫版本、有CD、O定Y料集，以及各式周商品。台衬壳坝赡久藁ù理赢版啵K已於2007年5月_始l售DVD。,耶Q_始倒担∫殡p~的同W吾郎L期住院，所以她和笨蛋三人M聚在御色町唯一一家大型C合t院e。榱c祝佳，院方J真淞艘贿B串的音、〉热の豆目。但似乎不问巧眢w不舒服，吾郎依f板著一o精打采的，Bp~也o法了解真正的理由。一心一意想t院患者_心的院L，gMX汁想炒峄夥铡Ｊ茉洪L之，小加、W西里z竟和S金男孩同台j?!充M庖Q庀⒌牡11集剀暗觯",田口仙年堂
rate,tittle,link,content_intro,author_intro
 9.2 ,百年孤独,https://book.douban.com/subject/6082808/,《百年孤独》是魔幻现实主义文学的代表作，描写了布恩迪亚家族七代人的传奇故事，以及加勒比海沿岸小镇马孔多的百年兴衰，反映了拉丁美洲一个世纪以来风云变幻的历史。作品融入神话传说、民间故事、宗教典故等神秘因素，巧妙地糅合了现实与虚幻，展现出一个瑰丽的想象世界，成为20世纪最重要的经典文学巨著之一。1982年加西亚?马尔克斯获得诺贝尔文学奖，奠定世界级文学大师的地位，很大程度上乃是凭借《百年孤独》的巨大影响。,[哥伦比亚] 加西亚・马尔克斯
 8.8 ,悲伤与理智,https://book.douban.com/subject/26264154/,"在这部题材丰富、视界浩淼的散文集中，约瑟夫?布罗茨基开篇便用深沉内省的目光审视了自己在苏俄的早年经历以及随后去往美国的流亡生涯。接着，作者用惊人的博学探讨了诗歌的张弛变幻、历史的本质、流亡诗人的双重困境等一系列颇具广度与深度的话题，思维的触手延揽古今，上及古罗马贤帝马可?奥勒留， 下至现当代诗人托马斯?哈代与罗伯特?弗罗斯特，将对存在本质的哲学探讨与对诗歌美学的炽烈情愫糅合锻造为继《小于一》之后的又一部世所罕见的奇作。,收入文集的二十一篇散文大致分为回忆录、旅行记、演说讲稿、公开信和悼文等几种体裁。这些散文形式多样，长短不一，但它们诉诸的却是一个共同的主题，即“诗和诗人”。这卷文集可以说是通向布罗茨基的诗歌观和美学观，乃至他的伦理观和世界观的一把钥匙。文集中最后一篇作品《悼斯蒂芬・斯彭德》完成后不到半年，布罗茨基自己也离开了人世，《悲伤与理智》因此也...,在这部题材丰富、视界浩淼的散文集中，约瑟夫?布罗茨基开篇便用深沉内省的目光审视了自己在苏俄的早年经历以及随后去往美国的流亡生涯。接着，作者用惊人的博学探讨了诗歌的张弛变幻、历史的本质、流亡诗人的双重困境等一系列颇具广度与深度的话题，思维的触手延揽古今，上及古罗马贤帝马可?奥勒留， 下至现当代诗人托马斯?哈代与罗伯特?弗罗斯特，将对存在本质的哲学探讨与对诗歌美学的炽烈情愫糅合锻造为继《小于一》之后的又一部世所罕见的奇作。,收入文集的二十一篇散文大致分为回忆录、旅行记、演说讲稿、公开信和悼文等几种体裁。这些散文形式多样，长短不一，但它们诉诸的却是一个共同的主题，即“诗和诗人”。这卷文集可以说是通向布罗茨基的诗歌观和美学观，乃至他的伦理观和世界观的一把钥匙。文集中最后一篇作品《悼斯蒂芬・斯彭德》完成后不到半年，布罗茨基自己也离开了人世，《悲伤与理智》因此也就成了布罗茨基生前出版的最后一部散文集，是布罗茨基散文写作、乃至其整个创作的“天鹅之歌”。,上海译文出版社此次翻译出版的《悲伤与理智》是这部佳作的首个国内中文译本，在翻译文学界具有填补空白的重大意义以及不可替代的文学与学术价值。",[美] 约瑟夫・布罗茨基
 7.5 ,孤独小说家,https://book.douban.com/subject/26735064/,"日本人气TOP1作家、直木奖得主石田衣良作品。,十年前的梦想，如果还没有熄灭，就让它永远燃烧吧！,------------------,小说家青田耕平和儿子小驰生活在一起。耕平出道十年，寂寂无名，他的作品从来没有加印。另一方面，三年前，耕平的妻子因为不可思议的交通事故而去世。“那真的是事故吗”，深深困扰 着他。尽管如此，他仍然笔耕不辍，坚守梦想。,梦想一旦付诸行动，就会变得神圣。,最黑暗、最绝望的时候，正是你离梦想最近的时候。,你只需要再站起来一次。",[日] 石田衣良
 8.2 ,无声告白,https://book.douban.com/subject/26382433/,"我们终此一生，就是要摆脱他人的期待，找到真正的自己。,――――――――――,莉迪亚死了，可他们还不知道。,莉迪亚是家中老二，李先生和李太太的掌上明珠，她遗传了母亲的蓝眼睛和父亲的黑头发。父母深信，莉迪亚一定能实现他们无法实现的梦想。莉迪亚的尸体被发现后，她的父亲内疚不已，母亲则一心报复。莉迪亚的哥哥觉得，隔壁的坏小子铁定脱不了关系，只有莉迪亚的妹妹看得一清二楚，而且，她很可能是唯一知道真相的人……,――――――――――,关于爱与失去，以及我从未告诉你的秘密,――――――――――,就是她！征服欧美文坛的华裔作家！,凭借处女作夺得2014美国亚马逊年度最佳图书第1名,击败斯蒂芬?金、村上春树等99位大牌作家，横扫欧美所有榜单,――――――――――,◆2014 美国亚马逊年度最佳图书 第1名,◆2014 美国国家公共电台年度最佳图书,◆2014 Buzzf...,我们终此一生，就是要摆脱他人的期待，找到真正的自己。,――――――――――,莉迪亚死了，可他们还不知道。,莉迪亚是家中老二，李先生和李太太的掌上明珠，她遗传了母亲的蓝眼睛和父亲的黑头发。父母深信，莉迪亚一定能实现他们无法实现的梦想。莉迪亚的尸体被发现后，她的父亲内疚不已，母亲则一心报复。莉迪亚的哥哥觉得，隔壁的坏小子铁定脱不了关系，只有莉迪亚的妹妹看得一清二楚，而且，她很可能是唯一知道真相的人……,――――――――――,关于爱与失去，以及我从未告诉你的秘密,――――――――――,就是她！征服欧美文坛的华裔作家！,凭借处女作夺得2014美国亚马逊年度最佳图书第1名,击败斯蒂芬?金、村上春树等99位大牌作家，横扫欧美所有榜单,――――――――――,◆2014 美国亚马逊年度最佳图书 第1名,◆2014 美国国家公共电台年度最佳图书,◆2014 Buzzfeed最佳虚构类图书,◆2014《学校图书馆期刊》年度最佳图书,◆2014《赫芬顿邮报》年度最佳图书,◆2014《纽约时报书评》年度百佳图书,◆2014《TIMEOUT纽约》年度十佳图书,◆2014《奥普拉》15本年度必读文学&虚构类图书,◆2014《纽约时报》超级畅销书,◆2014《书目》编辑年度之选,――――――――――,媒体及名人推荐：,◆,即使我们熟知身边有这类故事，也从来没在美国小说中见过，起码，在伍绮诗之前，没有谁处理过这类故事。这部小说写的是成为“异类”的那种负担与压力，这种负担与压力，通常会摧毁一个人，而不是塑造一个人。,――《纽约时报书评》,◆,2014美国亚马逊年度最佳图书第一名――《无声告白》探索了身份危机、人生成就、种族、性别、家庭以及个人道路。并且，这本小说没有任何一处落笔是粗疏的。我唯一担心的是，我对《无声告白》的刻骨崇拜，会导致读者对这本书抱有太高的期待。但这本书就是好得这么极致！深情力透纸背，刺痛你心，用词精准而克制，文风温婉而细腻。,――美国亚马逊编辑推荐语,◆,爆发力惊人的处女作,笔触闪烁着散文的美感与精准，观察与洞见则像社会学家一样深刻。伍绮诗的小说从第一页开始就吸引住了读者，我们迫不及待要了解莉迪亚之死背后的故事……而小说最终揭示的真相，振聋发聩。,――《赫芬顿邮报》,◆,情节展开极为机智，处处撩动你的情绪……伍绮诗用扣人心弦、精彩得让人拍手叫好的故事，讲述了一个关于性别与种族的严肃主题。这样严肃的主题竟然可以被剖析得如此透彻，而且故事的节奏，竟然还可以越来越快，越来越惊心动魄，直到最后真相大白，好像有阳光铺满房间。,――《奥普拉》,◆,伍绮诗这部处女作，令人惊叹地包容了各种复杂情绪，以一种罕见的洞察力，表达了文化与文化之间的冲突，时代与时代之间的冲突，而这种表达，完全是一位精通写作的大师的杰出手笔。伍绮诗值得期待。,――《书目》,◆,这部情感真挚、充沛的处女作小说，是以一个年轻女孩的死亡开始的。莉迪亚，生于上世纪七十年代美国的一个混血家庭，被给予无限厚望和父母的憧憬，她不幸的少女生活没有任何一盎司的陈词滥调。伍绮诗的行文，是如此准确和敏锐，她刻画的人物入木三分。,――《出版人周刊》,◆,一部温柔的小说处女作……这部小说可能会触发无数的悲伤，关于每个人内心深处的秘密以及一个悲剧是如何影响了一个家族的故事。,――《TIMEOUT 纽约》,◆,在这本书中，伍绮诗深入地谱写和揭晓了詹姆斯一家的秘密……这些隐藏已久，安静而具有爆炸性的真相，加之种族和性别等议题的探讨，慢慢地带领读者见识到伍绮诗文字的多愁善感和引人入胜，直至读到最后一页，深深的触动仍在心间回荡。伍绮诗的首部小说，情感复杂，仿佛一股吸引人的强劲水流，拖着你随着急流向前，直到抵达最后的秘密。,――《科克斯书评》,◆,异常优秀，非常完整的一部处女作……这个故事令人心痛，伍绮诗非常巧妙地将这部复杂、跨越多个年代小说的线索串联在一起。《无声告白》是一部难得的佳作，独具魅力，她深入写出了这个美国家庭里每个人内心的秘密。读完的时候，仍让人泪流不止。,――《洛杉矶时报》,◆,神奇！感人！感情充沛，描述准确！围绕身份焦虑和巨大悲恸，作者出色地、漂亮地展开了故事……本书会和每一个人取得共鸣，只要你曾经向家人撒过哪怕一个微不足道的小谎。,――《波士顿环球报》,◆,一个动人的故事，对于生为女儿们的书中女性来说，文化之间的隔阂与差异是人生中的第一道课题。,――《Vogue》,◆,我对《无声告白》爱不释手……伍绮诗的笔触细腻、观察敏锐，对李家每一位成员的描摹，对他们种族差异问题的深入挖掘，以及搜寻杀害家中二女莉迪亚真凶的线索，一直读到最后一页，都让我紧扣心弦。,――《纽约时报》畅销书作家第一名，《就说你和他们一样》作者乌文?阿克潘,◆,既是一部扣人心弦的推理作品，也是一次对这个混种家庭的深度剖析。伍绮诗的这部处女作，张力十足，余味久久不散。,――《娱乐周刊》,◆,这不仅是一个关于爱和失去的故事，这还是一个美丽而让人难以忘怀的，讲述一位少女如何努力去寻找自己的人生意义的故事。,――《书道》,◆,性别、种族、父母未竟的野心压在子女的肩头，对以上这些，本书进行了深刻而细腻的反思……伍绮诗巧妙的、令人信服地揭示，某种程度上，有些误解，永远无法消弭。,――《旧金山记事报》,◆,读完了还久久沉浸在故事里面。16岁少女的死亡让她的家人们开始怀疑――她究竟在过一种什么样的生活？这部处女作让人想起了《可爱的骨头》。,――《嘉人》,◆,感人至深，大师手笔。伍绮诗没有给她笔下角色任何俗套而轻松的未来，也没有给她的读者任何虚假的希望。她给的是真实的希望。,――《安娜堡观察员》杂志,◆,冷静，激烈……这个家庭逐步暴露了它深藏的秘密，你不由自主被这一家人深深吸引……,――《密苏里人》,◆,伍绮诗极有技巧，她将这个悲剧的每个微小线头都捡拾了起来，顺着这些线头，牵出了很多秘密，诸多真相纷至沓来，酸楚而最终令人振奋。,――《娱乐周刊》编辑评论语,◆,伍绮诗这部处女作的第一个章节有些阅读难度，一个家庭的大女儿死了，这个情节，对那些追逐快感的读者而言，可能是个挑战。但是，马上，随之而来的，就是密集而紧凑的各种转折――这个家庭的成员们，彼此都深藏着太多从未诉说的秘密。这绝对是我今年最爱的一本小说。,――美国《大观》杂志",[美] 伍绮诗
 9.2 ,一九八四・动物农场,https://book.douban.com/subject/1082387/,《一九八四》和《动物农场》是奥威尔的传世之作，堪称世界文坛上最著名的政治讽喻小说。他在小说中他创造的“老大哥”、“双重思想”、“新话”等词汇都已收入权威的英语词典，甚至由他的姓衍生了一个形容词“奥威尔式”不断出现在报道国际新闻的记者笔下，足见其作品在英语国家影响之深远。“多一个人看奥威尔，就多了一份自由的保障”，有评家如是说。,[英] 乔治・奥威尔
 9.0 ,小王子,https://book.douban.com/subject/1084336/,"小王子是一个超凡脱俗的仙童，他住在一颗只比他大一丁点儿的小行星上。陪伴他的是一朵他非常喜爱的小玫瑰花。但玫瑰花的虚荣心伤害了小王子对她的感情。小王子告别小行星，开始了遨游太空的旅行。他先后访问了六个行星，各种见闻使他陷入忧伤，他感到大人们荒唐可笑、太不正常。只有在其中一个点灯人的星球上，小王子才找到一个可以作为朋友的人。但点灯人的天地又十分狭小，除了点灯人他自己，不能容下第二个人。在地理学家的指点下，孤单的小王子来到人类居住的地球。,小王子发现人类缺乏想象力，只知像鹦鹉那样重复别人讲过的话。小王子这时越来越思念自己星球上的那枝小玫瑰。后来，小王子遇到一只小狐狸，小王子用耐心征服了小狐狸，与它结成了亲密的朋友。小狐狸把自己心中的秘密――肉眼看不见事务的本质，只有用心灵才能洞察一切――作为礼物，送给小王子。用这个秘密，小王子在撒哈拉大沙漠与遇险的飞行员一...,小王子是一个超凡脱俗的仙童，他住在一颗只比他大一丁点儿的小行星上。陪伴他的是一朵他非常喜爱的小玫瑰花。但玫瑰花的虚荣心伤害了小王子对她的感情。小王子告别小行星，开始了遨游太空的旅行。他先后访问了六个行星，各种见闻使他陷入忧伤，他感到大人们荒唐可笑、太不正常。只有在其中一个点灯人的星球上，小王子才找到一个可以作为朋友的人。但点灯人的天地又十分狭小，除了点灯人他自己，不能容下第二个人。在地理学家的指点下，孤单的小王子来到人类居住的地球。,小王子发现人类缺乏想象力，只知像鹦鹉那样重复别人讲过的话。小王子这时越来越思念自己星球上的那枝小玫瑰。后来，小王子遇到一只小狐狸，小王子用耐心征服了小狐狸，与它结成了亲密的朋友。小狐狸把自己心中的秘密――肉眼看不见事务的本质，只有用心灵才能洞察一切――作为礼物，送给小王子。用这个秘密，小王子在撒哈拉大沙漠与遇险的飞行员一起找到了生命的泉水。最后，小王子在蛇的帮助下离开地球，重新回到他的B612号小行星上。,童话描写小王子没有被成人那骗人的世界所征服，而最终找到自己的理想。这理想就是连结宇宙万物的爱，而这种爱又是世间所缺少的。因此，小王子常常流露出一种伤感的情绪。作者圣埃克絮佩里在献辞中说：这本书是献给长成了大人的从前那个孩子。,《小王子》不仅赢得了儿童读者，也为成年人所喜爱，作品凝练的语言渗透了作者对人类及人类文明深邃的思索。它所表现出的讽刺与幻想，真情与哲理，使之成为法国乃至世界上最为著名的一部童话小说。",[法] 圣埃克苏佩里
 8.4 ,查令十字街84号,https://book.douban.com/subject/1316648/,"这本被全球人深深钟爱的书，记录了纽约女作家海莲和一家伦敦旧书店的书商弗兰克之间的书缘情缘。双方二十年间始终未曾谋面，相隔万里，深厚情意却能莫逆于心。无论是平淡生活中的讨书买书论书，还是书信中所蕴藏的难以言明的情感，都给人以强烈的温暖和信任。这本书既表现了海莲对书的激情之爱，也反映了她对弗兰克的精神之爱。海莲的执著、风趣、体贴、率真，跳跃于一封封书信的字里行间，使阅读成为一种愉悦而柔软的经历。来往的书信被海莲汇集成此书，被译成数十种文字流传。,译者陈建铭是台湾一位古旧书店的工作人员，他在未被出版方邀作译者之前，便凭着自己对《查令十字街84号》的热爱动手开始翻译其中的章节。,现在世间已无查令十字街84号的旧书店，但英国文学，古本图书，伦敦巷陌，书中的这些话题仍不断激起后来者的思念和共鸣。广播、舞台和银幕也钟情于这本爱书人的掌上明珠，每年都有世界各地的书迷...,这本被全球人深深钟爱的书，记录了纽约女作家海莲和一家伦敦旧书店的书商弗兰克之间的书缘情缘。双方二十年间始终未曾谋面，相隔万里，深厚情意却能莫逆于心。无论是平淡生活中的讨书买书论书，还是书信中所蕴藏的难以言明的情感，都给人以强烈的温暖和信任。这本书既表现了海莲对书的激情之爱，也反映了她对弗兰克的精神之爱。海莲的执著、风趣、体贴、率真，跳跃于一封封书信的字里行间，使阅读成为一种愉悦而柔软的经历。来往的书信被海莲汇集成此书，被译成数十种文字流传。,译者陈建铭是台湾一位古旧书店的工作人员，他在未被出版方邀作译者之前，便凭着自己对《查令十字街84号》的热爱动手开始翻译其中的章节。,现在世间已无查令十字街84号的旧书店，但英国文学，古本图书，伦敦巷陌，书中的这些话题仍不断激起后来者的思念和共鸣。广播、舞台和银幕也钟情于这本爱书人的掌上明珠，每年都有世界各地的书迷到伦敦查令十字街朝圣，渐渐地，《查令十字街84号》成为全球爱书人之间的一个暗号。",[美] 海莲・汉芙
 9.2 ,杀死一只知更鸟,https://book.douban.com/subject/6781808/,"成长总是个让人烦恼的命题。成长有时会很缓慢，如小溪般唱着叮咚的歌曲趟过，有时却如此突如其来，如暴雨般劈头盖脸……三个孩子因为小镇上的几桩冤案经历了猝不及防的成长――痛苦与迷惑，悲伤与愤怒，也有温情与感动。这是爱与真知的成长经典。,《杀死一只知更鸟》获1961年普利策奖。,美国图书馆借阅率最高的书，英国青少年最喜爱的小说之一。,美国中学推荐课外读物。,由小说改编的电影获第25届奥斯卡三项大奖。,美国电影协会评选的“100名银幕英雄与恶人”中，派克主演的芬奇律师名列英雄第一位。,作为史上最受喜爱的小说之一，《杀死一只知更鸟》已获得显赫声誉。它赢得过普利策奖，被翻译成四十多种语言，在世界范围内售出超过三千万册，并曾被拍成，备受欢迎的电影。,――哈珀?柯林斯出版集团,斯塔尔六月对北卡罗来纳州律师协会发表演说时，自比为《杀死一只知更鸟》中勇敢的南方白人律师阿蒂...,成长总是个让人烦恼的命题。成长有时会很缓慢，如小溪般唱着叮咚的歌曲趟过，有时却如此突如其来，如暴雨般劈头盖脸……三个孩子因为小镇上的几桩冤案经历了猝不及防的成长――痛苦与迷惑，悲伤与愤怒，也有温情与感动。这是爱与真知的成长经典。,《杀死一只知更鸟》获1961年普利策奖。,美国图书馆借阅率最高的书，英国青少年最喜爱的小说之一。,美国中学推荐课外读物。,由小说改编的电影获第25届奥斯卡三项大奖。,美国电影协会评选的“100名银幕英雄与恶人”中，派克主演的芬奇律师名列英雄第一位。,作为史上最受喜爱的小说之一，《杀死一只知更鸟》已获得显赫声誉。它赢得过普利策奖，被翻译成四十多种语言，在世界范围内售出超过三千万册，并曾被拍成，备受欢迎的电影。,――哈珀?柯林斯出版集团,斯塔尔六月对北卡罗来纳州律师协会发表演说时，自比为《杀死一只知更鸟》中勇敢的南方白人律师阿蒂克斯?芬奇。斯塔尔凭着他的道德优越感，不把规则、秩序和正直放在眼里，这样一个人居然自比为芬奇，实在令我和比尔难以忍受。,――希拉里?克林顿,年轻时看过《梅岗城故事》（即《杀死一只知更鸟》），对片中法律人为弱势者争取权益奋斗，为恶法非法或恶法亦法辩论的故事感到澎湃不已，更加确定要成为法律人的心愿。,――许宗力（台大法学院院长）",[美] 哈珀・李
 9.3 ,时间之间,https://book.douban.com/subject/26756030/,"编辑推荐,莎士比亚辞世400周年（1616～2016），全球顶尖当代小说家联手改写莎翁七部经典剧作致敬！2016“莎士比亚年”全球联手打造的出版盛举，惠特布雷德首作奖得主、英国天才女作家、全球畅销书《橘子不是唯一的水果》作者珍妮特・温特森重磅首发，担纲改写《冬天的故事》这一莎翁晚年重要剧作，引发28国上千万读者热评。《纽约时报》《泰晤士报》《卫报》《金融时报》《星期日邮报》《出版人周刊》《观察家报》等携手推荐，《纽约时报》评价它是“一部闪耀着喜悦之光的小说”。国内新锐文艺阅读品牌“未读”与企鹅兰登（北亚）联手，全球独家呈现简体中文版《时间之间》。――时间抚平一切伤痛，我们终将被它捕获。,内容简介,刚出生的帕蒂塔被遗弃在医院的“婴儿岛”里。她是被亲生父亲列奥以“送回她亲生父亲那里”的名义带离父母身边的，但一场意外的发生使她从未抵达。帕蒂塔成了列奥狂热嫉...,编辑推荐,莎士比亚辞世400周年（1616～2016），全球顶尖当代小说家联手改写莎翁七部经典剧作致敬！2016“莎士比亚年”全球联手打造的出版盛举，惠特布雷德首作奖得主、英国天才女作家、全球畅销书《橘子不是唯一的水果》作者珍妮特・温特森重磅首发，担纲改写《冬天的故事》这一莎翁晚年重要剧作，引发28国上千万读者热评。《纽约时报》《泰晤士报》《卫报》《金融时报》《星期日邮报》《出版人周刊》《观察家报》等携手推荐，《纽约时报》评价它是“一部闪耀着喜悦之光的小说”。国内新锐文艺阅读品牌“未读”与企鹅兰登（北亚）联手，全球独家呈现简体中文版《时间之间》。――时间抚平一切伤痛，我们终将被它捕获。,内容简介,刚出生的帕蒂塔被遗弃在医院的“婴儿岛”里。她是被亲生父亲列奥以“送回她亲生父亲那里”的名义带离父母身边的，但一场意外的发生使她从未抵达。帕蒂塔成了列奥狂热嫉妒的牺牲品，嫉妒的对象是他最爱的两个人――竭力要全身心占有的挚爱、有孕在身的妻子咪咪，和他少年时的恋人、终生的朋友赛诺。他觉得咪咪和赛诺有染。,伤害常常只留给最爱的人。且以爱之名。,对帕蒂塔的人生来说，时空就此错位。从出生到十八岁，从伦敦到新波西米亚。她更是从未想过，被时空裂隙吞没的自己，是一切救赎的希望所系……,媒体评论,NPR（美国国家公共电台）年度最佳图书,温特森杰出的天赋在于，通过那些浅吟低唱般优美、常在意料之外迅捷而至的句子，成功地传达出小说的情感分量……她与令人费解的文本之间展开了一场奇妙的搏斗，最终呈现出一个错综复杂的、让人拍案叫好的当代故事――属于她自己的全新故事。――《纽约时报书评》,如同莎士比亚一样，温特森笔下的舞台上，处处充满了奇迹。――《泰晤士报文学增刊》,温特森不仅仅是改写了一个故事――她还将自己细致入微的心理感受填充进了这个故事中。观察温特森如何解决原剧本的问题固然有趣，但这本书真正的力量在于，她在时而朴实时而诗意的语言风格之间自由切换，并用任何她想用的元素（天使、游戏、劫车等）来阐述故事的能力。她让一个旧故事焕发出了新的生机。――《出版人周刊》,对于莎翁创作生涯的倒数第二个剧本而言，温特森的改写有着可爱的轻快节奏，聪敏而诙谐，故事情节引人入胜……小说让人充满了同情，并在一个众所熟知的故事里注入了一种真正的惊险感，而这绝非易事。它如此引人注目、有趣且优美。――《卫报》",[英] 珍妮特・温特森
 8.9 ,斯通纳,https://book.douban.com/subject/26425831/,"《斯通纳》讲述了生命中最重要的部分：爱，认同，怜悯，志业，傲骨，信任与死亡。,一个勇者有过的失败不失意的人生：即使不能拥有完美的生活，所幸追求过完整的自我。,美国，密苏里州。来自偏远农场的农家子弟、19岁的威廉・斯通纳进入州立密苏里大学学习农学。自一堂选修文学课为起点， 他的一生就此悄然改变。未来的斯通纳成为了一名大学老师，结婚、生子、教学、退休、衰老、死亡。在他生命的尽头，或许他可以坦然面对这个问题：你的一生，还要期望别的什么吗？,一部蕴含着真诚、激情与紧凑力量的小说，探究了历史洪流所忽视的人性之间的冲突、溃败与幸存，重新唤起思考每个个体独特存在的意义。作者约翰・威廉斯向世人展示了凡人中的勇者在如何生活。,----------------------------------------,威廉斯的写作显得澄澈、节制却准确。就像被打磨光滑的橡木上反射出...,《斯通纳》讲述了生命中最重要的部分：爱，认同，怜悯，志业，傲骨，信任与死亡。,一个勇者有过的失败不失意的人生：即使不能拥有完美的生活，所幸追求过完整的自我。,美国，密苏里州。来自偏远农场的农家子弟、19岁的威廉・斯通纳进入州立密苏里大学学习农学。自一堂选修文学课为起点， 他的一生就此悄然改变。未来的斯通纳成为了一名大学老师，结婚、生子、教学、退休、衰老、死亡。在他生命的尽头，或许他可以坦然面对这个问题：你的一生，还要期望别的什么吗？,一部蕴含着真诚、激情与紧凑力量的小说，探究了历史洪流所忽视的人性之间的冲突、溃败与幸存，重新唤起思考每个个体独特存在的意义。作者约翰・威廉斯向世人展示了凡人中的勇者在如何生活。,----------------------------------------,威廉斯的写作显得澄澈、节制却准确。就像被打磨光滑的橡木上反射出本色、持久的光泽。它的行文结构潜藏得不为人察觉，且毫无瑕疵，像一栋房子，精妙绝伦到绝无仿制再建的可能。,《斯通纳》一书的伟大之处在于，它以不带一丝一毫悲喜的冷静洞察了生活本质的全部。它从本质上触及了预见期待的与真实体验的生活间的落差……《斯通纳》迟到五十年后畅销，是献给被亏欠的艺术一次迟来的正名。 ――《纽约客》,斯通纳活过，然后死去，如你我一样。他生活中发生的每一件事就发生在你我面前，看似平淡。然而，写出这种“简单”却需要天才才能完成。读这本书是一本令人难过却又美妙的阅读体验。 ――《星期日泰晤士报》,约翰・威廉斯的《斯通纳》刻画了一个将追求智识当作对抗无意义的战争、拒绝与外部世界作廉价妥协的人的一生。它的意义或许不只是一部伟大的小说――它简直是一部几近完美的小说，机构精巧，语言优美，故事动人，展示着一种夺人心魄的完美。 ――《纽约时报》,一件文学的珍宝。 ――《明镜周刊》,拥有超乎寻常的力量……直击生活的真相，语言清澈优美。它是一部献给所有热爱文学之人的传奇。 ――伊恩・麦克尤恩,一本精彩绝伦的小说，既丰富又忧郁，记录着伤痛与失去的同时也留存了美好温柔的时刻。这本小说完美展现了小说艺术的要素，它的叙事节奏与情节构架均堪称完美无缺。这本小说像一条河流，冷静而又流畅的平静笔调裹挟着磅礴延绵的力量。 ――亚当・福尔兹",[美] 约翰・威廉斯
 8.8 ,我脑袋里的怪东西,https://book.douban.com/subject/26701959/,"◆ 诺贝尔文学奖得主、《我的名字叫红》《伊斯坦布尔》作者奥尔罕?帕慕克 蛰伏六年动情写就 全球60个语种正在流行。,◆斩获诺奖之后还能写出自己的最佳作品，帕慕克就是这样的大师。――《独立报》,◆让一千万人聚集在伊斯坦布尔的东西是生计、利益和账单，但只有一样东西支撑着这茫茫人海中的人们，那就是爱。,◆嘈杂腐败而又日新月异的城市史诗，天真、正派又卑微的街边小贩的人生传奇。,《我脑袋里的怪东西》是一个讲述钵扎小贩麦夫鲁特的人生、 冒险、幻想和他的朋友们的故事,同时也是一幅通过众人视角描绘的 1969―2012年间伊斯坦布尔生活的画卷。,在麦夫鲁特还是一个生活在安纳托利亚中部穷山村少年的时候，他就不住地幻想自己未来的生活会是怎样。,十二岁时他辗转来到“世界的中心”――伊斯坦布尔打拼，立刻被那些老城消逝、新城待建的景象所吸引。他继承了父亲的事业，在土耳其的街道...,◆ 诺贝尔文学奖得主、《我的名字叫红》《伊斯坦布尔》作者奥尔罕?帕慕克 蛰伏六年动情写就 全球60个语种正在流行。,◆斩获诺奖之后还能写出自己的最佳作品，帕慕克就是这样的大师。――《独立报》,◆让一千万人聚集在伊斯坦布尔的东西是生计、利益和账单，但只有一样东西支撑着这茫茫人海中的人们，那就是爱。,◆嘈杂腐败而又日新月异的城市史诗，天真、正派又卑微的街边小贩的人生传奇。,《我脑袋里的怪东西》是一个讲述钵扎小贩麦夫鲁特的人生、 冒险、幻想和他的朋友们的故事,同时也是一幅通过众人视角描绘的 1969―2012年间伊斯坦布尔生活的画卷。,在麦夫鲁特还是一个生活在安纳托利亚中部穷山村少年的时候，他就不住地幻想自己未来的生活会是怎样。,十二岁时他辗转来到“世界的中心”――伊斯坦布尔打拼，立刻被那些老城消逝、新城待建的景象所吸引。他继承了父亲的事业，在土耳其的街道上贩卖钵扎。他与那些在城市繁华外荒凉处的居民一样，渴望致富。但是运气似乎永远都不追随他，他看着亲戚们在伊斯坦布尔暴富并定居；而自己却花了三年时间给一位仅在婚礼上有过一面之缘的女孩儿写情书，最后却阴差阳错地和那女孩儿的姐姐私奔。麦夫鲁特人到中年，在伊斯坦布尔的街巷里做过许多营生，酸奶小贩、鹰嘴豆鸡肉饭小贩、停车场管理员……,他珍惜自己的家人和妻子，可工作失意、生活窘迫仍不断挤压着他。无论如何，他仍然夜复一夜，漫步在伊斯坦布尔街头，一边卖钵扎，思念自己的真爱，一边琢磨着脑袋里冒出的一个又一个怪怪的东西，这些念头让他自感与众不同。他，一个没钱没地位的钵扎贩子，既属于这个大都市，又在头脑中不停地寻找着另一种生活。",[土耳其] 奥尔罕・帕慕克
 9.0 ,局外人,https://book.douban.com/subject/4908885/,《局外人》是加缪小说的成名作和代表作之一，堪称20世纪整个西方文坛最具有划时代意义最著名小说之一，“局外人”也由此成为整个西方文学-哲学中最经典的人物形象和最重要的关键词之一。,[法] 阿尔贝・加缪
 9.0 ,月亮和六便士,https://book.douban.com/subject/1858513/,"一个英国证券交易所的经纪人，本已有牢靠的职业和地位、美满的家庭，但却迷恋上绘画，像“被魔鬼附了体”，突然弃家出走，到巴黎去追求绘画的理想。他的行径没有人能够理解。他在异国不仅肉体受着贫穷和饥饿煎熬，而且为了寻找表现手法，精神亦在忍受痛苦折磨。经过一番离奇的遭遇后，主人公最后离开文明世界，远遁到与世隔绝的塔希提岛上。他终于找到灵魂的宁静和适合自己艺术气质的氛围。他同一个土著女子同居，创作出一幅又一幅使后世震惊的杰作。在他染上麻风病双目失明之前，曾在自己住房四壁画了一幅表现伊甸园的伟大作品。但在逝世之前，他却命令土著女子在他死后把这幅画作付之一炬。通过这样一个一心追求艺术、不通人性世故的怪才，毛姆探索了艺术的产生与本质、个性与天才的关系、艺术家与社会的矛盾等等引人深思的问题。同时这本书也引发了人们对摆脱世俗束缚逃离世俗社会寻找心灵家园这一话题的思考，而关...,一个英国证券交易所的经纪人，本已有牢靠的职业和地位、美满的家庭，但却迷恋上绘画，像“被魔鬼附了体”，突然弃家出走，到巴黎去追求绘画的理想。他的行径没有人能够理解。他在异国不仅肉体受着贫穷和饥饿煎熬，而且为了寻找表现手法，精神亦在忍受痛苦折磨。经过一番离奇的遭遇后，主人公最后离开文明世界，远遁到与世隔绝的塔希提岛上。他终于找到灵魂的宁静和适合自己艺术气质的氛围。他同一个土著女子同居，创作出一幅又一幅使后世震惊的杰作。在他染上麻风病双目失明之前，曾在自己住房四壁画了一幅表现伊甸园的伟大作品。但在逝世之前，他却命令土著女子在他死后把这幅画作付之一炬。通过这样一个一心追求艺术、不通人性世故的怪才，毛姆探索了艺术的产生与本质、个性与天才的关系、艺术家与社会的矛盾等等引人深思的问题。同时这本书也引发了人们对摆脱世俗束缚逃离世俗社会寻找心灵家园这一话题的思考，而关于南太平洋小岛的自然民风的描写也引人向往。,《月亮和六便士》说问世后，以情节入胜、文字深刻在文坛轰动一时，人们争相传看。在小说中，毛姆用第一人称的叙述手法，借“我”之口，叙述整个故事，有人认为这篇小说的原型是法国印象派画家高更，这更增加了它的传奇色彩，受到了全世界读者的关注。",[英] 毛姆
 9.0 ,霍乱时期的爱情,https://book.douban.com/subject/10594787/,"★马尔克斯唯一正式授权，首次完整翻译,★《霍乱时期的爱情》是我最好的作品，是我发自内心的创作。――加西亚?马尔克斯,★这部光芒闪耀、令人心碎的作品是人类有史以来最伟大的爱情小说。――《纽约时报》,《霍乱时期的爱情》是加西亚?马尔克斯获得诺贝尔文学奖之后完成的第一部小说。讲述了一段跨越半个多世纪的爱情史诗，穷尽了所有爱情的可能性：忠贞的、隐秘的、粗暴的、羞怯的、柏拉图式的、放荡的、转瞬即逝的、生死相依的……再现了时光的无情流逝，被誉为“人类有史以来最伟大的爱情小说”，是20世纪最重要的经典文学巨著之一。",[哥伦比亚] 加西亚・马尔克斯
 9.2 ,二手时间,https://book.douban.com/subject/26704403/,"2015年度诺贝尔文学奖得主阿列克谢耶维奇最具分量的作品,发表后荣获德国书业和平奖（2013）、法国美第契散文奖（2013）、俄罗斯「大书奖」读者票选最佳文学作品（2014）、波兰卡普钦斯基报告文学奖（2015）,本书是白俄罗斯著名作家阿列克谢耶维奇最新作品，通过口述采访的形式，展现身处关键历史时刻的普通人的生活。本书讲述了苏联解体后，1991年到2012年二十年间的痛苦的社会转型中，俄罗斯普通人的生活，为梦想破碎付出的代价。在书中，从学者到清洁工，每个人都在重新寻找生活的意义。他们的真实讲述同时从宏观和微观上呈现出一个重大的时代，一个社会的变动，为这一段影响深远的历史赋予了人性的面孔。苏联解体已逾二十年，俄罗斯人重新发现了世界，世界也重新认识了俄罗斯。新一代已经成长起来，他们的梦想已不再关乎梦想，不再像90年代他们的父辈，关心信仰。二十年来，人们...,2015年度诺贝尔文学奖得主阿列克谢耶维奇最具分量的作品,发表后荣获德国书业和平奖（2013）、法国美第契散文奖（2013）、俄罗斯「大书奖」读者票选最佳文学作品（2014）、波兰卡普钦斯基报告文学奖（2015）,本书是白俄罗斯著名作家阿列克谢耶维奇最新作品，通过口述采访的形式，展现身处关键历史时刻的普通人的生活。本书讲述了苏联解体后，1991年到2012年二十年间的痛苦的社会转型中，俄罗斯普通人的生活，为梦想破碎付出的代价。在书中，从学者到清洁工，每个人都在重新寻找生活的意义。他们的真实讲述同时从宏观和微观上呈现出一个重大的时代，一个社会的变动，为这一段影响深远的历史赋予了人性的面孔。苏联解体已逾二十年，俄罗斯人重新发现了世界，世界也重新认识了俄罗斯。新一代已经成长起来，他们的梦想已不再关乎梦想，不再像90年代他们的父辈，关心信仰。二十年来，人们看了崭新的俄罗斯，但她却早已不是任何人曾经梦想过的俄罗斯了。作者追溯了苏联和苏联解体之后的历史过程，让普通的小人物讲述他们自己的故事，从而展现出身处历史的转折，以及人们如何追寻信仰、梦想，如何诉说秘密和恐惧，让人们重新思考什么是“俄罗斯”和“俄罗斯人”，为什么他们无法适应急剧的现代化，为什么再近两百年之后，依然与欧洲相隔。本书分为上下两部分，采访了生长于理想之下的俄罗斯人和今天的俄罗斯人，以及阿塞拜疆等前苏联国家的普通人，呈现他们的生活细节，所感所想。德国媒体盛赞该书撷取的是最为细小的马赛克，却拼出了一幅完整的后苏联时代图景。“一部20世纪后半叶的微观俄国史，笔力直抵普京时代。”",S.A. 阿列克谢耶维奇
 8.6 ,迷宫中的将军,https://book.douban.com/subject/25985126/,"《迷宫中的将军》成书于八十年代末。作者加西亚・马尔克斯与哥伦比亚、墨西哥以及委内瑞拉的历史学家们一起进行了两年的调查。本作品描写了南美解放者西蒙?玻利瓦尔生命中沿着马格达莱纳河幻影般的最后一趟旅程。这趟旅程在信件与各种各样的回忆录中几乎没被提到，这恰好给了作者在历史真实的范围内创作自己的故事的自由。,作品中，玻利瓦尔在疾病困扰、心灰意冷和种种超出了他的控制的不利条件下，重访了河岸边的城市，重走了见证他起伏辉煌的战绩、满载着他曾经的抱负以及他所遭遇的同路人和遭受的背叛的道路，一直向远方的大西洋奔赴。,与此同时，读者从中可以真正感觉到玻利瓦尔这一历史人物在他的社会地位和政治经济、军事力量乃至作为个人达到最高点时的风貌。将军为了从西班牙独立而进行的斗争接续了他统一拉美大陆的未完成的梦想，然而最终他带着最大的失望和遗憾离开了这个世界。",[哥伦比亚] 加西亚・马尔克斯
 8.5 ,The Price of Salt,https://book.douban.com/subject/1419214/,"Trapped in a boring, dead-end day job in a department store, stage designer Therese Belivet finds her life forever changed when she encounters--and falls in love with--Carol Aird, an alluring suburban housewife in the midst of a divorce, as they set out on a cross-country odyssey, pursued by a private investigator who forces Carol into choosing between her daughter and her love...,Trapped in a boring, dead-end day job in a department store, stage designer Therese Belivet finds her life forever changed when she encounters--and falls in love with--Carol Aird, an alluring suburban housewife in the midst of a divorce, as they set out on a cross-country odyssey, pursued by a private investigator who forces Carol into choosing between her daughter and her lover. Reprint. 13,000 first printing.",Patricia Highsmith
 8.3 ,天鹅绒监狱,https://book.douban.com/subject/26593670/,"◎匈牙利道德勇气的标志性人物，言说东欧艺术自由与禁忌,◎在充满压制的国家中做一个创作者意味着什么？,◎是谁创造了这种“镣铐下的美学”？,【内容简介】,本书是一部探讨东欧“被囚禁的艺术”、泄露统治者内心秘密的地下文学，由一个天生爱唱反调的人以一种“御用作家之良心”的口吻所写。它抽丝剥茧、层层深入地剖析了被“审阅”的文学和匈牙利艺术家、知识分子的精神世界，极富洞见地描述了“镣铐下的美学”、艺术家与现代社会主义国家之间的共生关系。,事实就是这样：碰不得的禁忌，不宜居的生活，不可说的言论，无形的条条框框，永久流产的不被接受的思想，这一切并没有让我们的作品在审美意义上贫瘠乏味。艺术大厦就从这些国家设置的栅栏里拔地而起。我们巧妙地在艺术宅邸里改组家具。 我们学习在规训中生活，那是我们的家，是我们的一部分，不久我们将变得渴望它，因为没有它，我们就无法创作。 ――米...,◎匈牙利道德勇气的标志性人物，言说东欧艺术自由与禁忌,◎在充满压制的国家中做一个创作者意味着什么？,◎是谁创造了这种“镣铐下的美学”？,【内容简介】,本书是一部探讨东欧“被囚禁的艺术”、泄露统治者内心秘密的地下文学，由一个天生爱唱反调的人以一种“御用作家之良心”的口吻所写。它抽丝剥茧、层层深入地剖析了被“审阅”的文学和匈牙利艺术家、知识分子的精神世界，极富洞见地描述了“镣铐下的美学”、艺术家与现代社会主义国家之间的共生关系。,事实就是这样：碰不得的禁忌，不宜居的生活，不可说的言论，无形的条条框框，永久流产的不被接受的思想，这一切并没有让我们的作品在审美意义上贫瘠乏味。艺术大厦就从这些国家设置的栅栏里拔地而起。我们巧妙地在艺术宅邸里改组家具。 我们学习在规训中生活，那是我们的家，是我们的一部分，不久我们将变得渴望它，因为没有它，我们就无法创作。 ――米克洛什・哈拉兹蒂,【媒体及学者评价】,别看这薄薄的一本书，它将会被众多美国研究生在他们严肃的论文中引述；它将会出现在社会学教授推荐的经典阅读清单上；它将成为中欧研究中不可或缺的一部分。中欧的文化宝库里不能没有它。,――乔治・康纳德（George Konrád），匈牙利作家,一部奇特又新颖的、关于后斯大林时代东欧艺术家处境的著作。,――尼尔・阿舍森（Neal Ascherson），英国作家,这本尖锐的著作能使人多些明智，少些沮丧。一本不可或缺的重要著作。,――苏珊・桑塔格，美国作家,当极权主义的思想控制日臻完美时，制度化的审查却变得过时了。哈拉兹蒂以令人不安的智慧分析了这一悖论。,――李克曼（Simon Leys），比利时汉学家、作家,关于极权主义美学的一份绝妙的报告。,――《卫报》,可以说，哈拉兹蒂是从米洛什《被禁锢的头脑》结束的地方开始写起。,――英国皇家国际事务研究所《国际事务》杂志,哈拉兹蒂赋予平淡的行文以诗意，这是只有诗人才做得到的。,――《当代社会学》,在哈拉兹蒂的解说中，除了对政治和当下时事的关注，他还提出了一些有关理论趣味的问题。他或多或少地使我们意识到西方艺术的价值和实践背后那些尚未被我们意识到的设想。,――《纽约时报书评》",[匈牙利] 米克洛什・哈拉兹蒂
 8.4 ,伊斯坦布尔,https://book.douban.com/subject/2042063/,《伊斯坦布尔：一座城市的记忆》书写的既是一部个人的历史，更是这座城市的忧伤。对帕慕克而言，伊斯坦布尔一直是一座充满帝国遗迹的城市。这个城市特有的“呼愁”，早已渗入少年帕慕克的身体和灵魂之中。如今作为作家的帕慕克，以其独特的历史感与善于描写的杰出天分，重访家族秘史，发掘旧地往事的脉络，拼贴出当代伊斯坦布尔的城市生活。跟随他的成长记忆，我们可以目睹他个人失落的美好时光，认识传统和现代并存的城市历史，感受土耳其文明的感伤。,[土耳其] 奥尔罕・帕慕克
 9.0 ,酒吧长谈,https://book.douban.com/subject/5383804/,"他是一个在独裁政权中当过保镖和密探的人，谁给他钱，他就为谁做事。他可以为上司到妓院去收“月钱”，镇压妇女游行，甚至为了帮上司搞社交而甘心充当喜好同性的大资产家费尔民・萨瓦拉的泄欲工具。他是司机、打手；是受害人，也是凶手。他目睹上层社会种种丑行，了解各种政治阴谋和腐化生活，最后在狗场以捕狗打狗为生。,他是一个默默无闻的失意记者，也大资产家费尔民・萨瓦拉的宝贝儿子，却和一个“本应做他仆人的女人”结婚。他一生一事无成：闹革命时没有信仰，谈恋爱时失败，写社论时净写狂犬病问题，调查凶杀案时凶手和父亲有染……用他自己的话说，他一生倒霉。,这样的两个人偶然相遇了，一起去酒吧饮酒忆旧，两人的谈话贯穿了整部小说，独特的“对话波”结构牵动层层故事和情感，史诗般宏阔波谲、戏剧般生动诡异的巨幅长卷就此展开：黑暗时代的独裁统治下，被席卷的日常生活、爱情和梦想……一一浮现。",[秘] 马里奥・巴尔加斯・略萨
 9.0 ,心灵的焦灼,https://book.douban.com/subject/2146279/,"同情恰好有两种。一种同情怯懦感伤，实际上只是心灵的焦灼。看到别人的不幸，急于尽快地脱身出来，以免受到感动，陷入难堪的境地。这种同情根本不是对别人的痛苦抱有同感，而只是本能地予以抗拒，免得它触及自己的心灵。另一种同情才算得上真正的同情。它毫无感伤的色彩，但富有积极的精神。这种同情对自己想要达到的目的十分清楚。它下定决心耐心地和别人一起经历一切磨难，直到力量耗尽，甚至力竭也不歇息。“施与人者，天必与之，”格言集上的这句箴言，每个作家都可以心安理得地以下述的含义予以证实：“讲了很多故事的人，必有人讲故事给他听。”通常人们总以为，在诗人的头脑里，想像力运转奔驰，一刻不停，诗人从取之不尽用之不竭的库存里不断地杜撰出形形色色的事件和故事。这种想法，其实是最错误不过的了。事实上，只要诗人观察和谛听的本领日益增长，接连不断地总有各种各样的人物形象和事件需要他去复述，...,同情恰好有两种。一种同情怯懦感伤，实际上只是心灵的焦灼。看到别人的不幸，急于尽快地脱身出来，以免受到感动，陷入难堪的境地。这种同情根本不是对别人的痛苦抱有同感，而只是本能地予以抗拒，免得它触及自己的心灵。另一种同情才算得上真正的同情。它毫无感伤的色彩，但富有积极的精神。这种同情对自己想要达到的目的十分清楚。它下定决心耐心地和别人一起经历一切磨难，直到力量耗尽，甚至力竭也不歇息。“施与人者，天必与之，”格言集上的这句箴言，每个作家都可以心安理得地以下述的含义予以证实：“讲了很多故事的人，必有人讲故事给他听。”通常人们总以为，在诗人的头脑里，想像力运转奔驰，一刻不停，诗人从取之不尽用之不竭的库存里不断地杜撰出形形色色的事件和故事。这种想法，其实是最错误不过的了。事实上，只要诗人观察和谛听的本领日益增长，接连不断地总有各种各样的人物形象和事件需要他去复述，那他根本不必杜撰，只消把这些向他涌来的人和事予以再现就行了。经常试图解释别人命运的人，定会有许多人向他叙述自己的命运。,这本书里发生的事情也是从头到尾几乎原封不动由别人以书中复述的形式说给我听的，完全出乎我的意料。我最近到维也纳去，这一次因为事务庞杂，弄得我疲惫不堪。晚上我到市郊的一家饭馆去吃饭，满心以为，这家饭馆早已不是时髦酒家，问津者想必寥寥无几。可是我刚踏进门去，就懊恼地意识到我估计错误。在近门的第一张桌子旁边就有个熟人站起身来，用各种手势表现出他真诚的快乐。当然，我并没有报以同样的热忱。他邀请我在他身边坐下。如果说这位热心的先生是个令人不快或者招人讨厌的人物，那是不符合事实的。他只不过是死乞白赖硬要结交朋友的那种人。他们像孩子集邮那样孜孜不倦地积攒朋友，因而对他们收集的朋友当中的每一种样品都怀有特殊的骄傲。这个心地善良的怪人是个知识渊博、办事干练的档案管理员，这个职务反倒成了他操的副业。他全部生活的意义则仅仅限于这样一种微小的满足：碰到报纸上偶尔出现的每一个人名，他都能怀着虚荣心，以一种理所当然的口气补上一句：“他是我的一个好朋友”，或者“啊，昨天我还跟他见过面呢”，或者“我的朋友A君对我说，而我的朋友B君认为”，就这样一口气顺着字母表把他的朋友挨个介绍。在他朋友们发表的新戏初次公演的时候，他总是忠实可靠地鼓掌喝彩，第二天早上准给每一个女演员打电话表示祝贺。他绝不忘记每一个朋友的生日，报上发表的使人不悦的评论他总瞒着不让朋友知道，而赞扬的评论他便出于好心关注一一寄给朋友。所以，他不是一个令人不快的人物，他是真心诚意地对人热心。要是你偶尔求他帮个小忙，或者让他那把朋友熟人当作纪念物收藏起来的珍藏馆增添一件新的珍品，他就会感到无比幸福。,本书是茨威格于1938年流亡国外时发表的惟一一部长篇小说。",斯台芬・茨威格
 8.6 ,毛姆读书随笔,https://book.douban.com/subject/1016429/,毛姆用小说家的特殊才能为他笔下的那些大作家们描绘了一幅幅逼真的肖像，勾画出那些天才的性格特征――他们不再是崇拜的偶像，而是一个个有血有肉、有个性、也有缺点的人。他让我们重新发现那些伟大作家以及他们作品的伟大价值。而他的叙述又是那么简洁明白、委婉动人，仿佛一位慈爱的长者与你促膝而谈。读他的书，可再一次激起我们阅读的欲望――爱读书的人是幸福的。,毛姆
 9.2 ,银河英雄传说,https://book.douban.com/subject/1418999/,日本著名小说家田中芳树的太空歌剧式科幻小说。整个小说时间设定为人类生存圈扩展到全银河系的未来时空，由于人们对政治失去信心，疏于履行自己的权利和义务，以至于拥戴野心家把全人类社会变成独裁专制的帝国。后来不满帝制的人展开逃亡，成立了民主政权并与之对抗。银河系从此展开了两大势力长达150多年的争战，那就是专制统治的银河帝国和高举共和主义旗帜的自由行星同盟，夹在交战双方中间的是强大的经济体――小都市国家费沙自治领，还有背后的黑暗势力――地球教也在蠢蠢欲动。,[日] 田中芳树
 9.2 ,夏威夷史诗,https://book.douban.com/subject/26274359/,"数亿万年前，火山爆发，海水奔涌，奇异的岛屿自地壳中隆起；,1200年前，57位夏威夷土著驾着一艘独木舟，跨越万里海域，来此避祸定居；,1822年，“西提思”号载着11对传教士夫妇抵达夏威夷港口，在其后的100多年里，他们的子孙建立起庞大的家族并逐渐掌控了夏威夷群岛的政治 经济命脉；,1865年，中国劳工从“迦太基人”号上下来，历尽艰辛，客家女人查玉珍所繁衍的姬氏家族成为夏威夷群岛上相继涌入的中国移民中最为庞大、令人无法轻视的一支；,1902年，1850位日本劳工离船登岸，成为种植园经济中最牢靠的一环，酒川龟次郎一家凭借四个儿子在二战中的英勇表现，成功杀进群岛的政治生活；,夏威夷原住民、美国人、中国人、日本人、欧洲人、美洲人……他们互相通婚，共掌群岛未来。一个全新的族群“黄金贵族”由此诞生。,夏威夷真正的繁荣由此开始。",[美]詹姆斯・米切纳
  ,艺术社会史,https://book.douban.com/subject/25962831/,"阿诺尔德?豪泽尔是匈牙利艺术史家，艺术社会学家的创始人之一，与卢卡奇、阿多诺并称为“20世纪最重要的文化社会学家”。《艺术社会史》在豪泽尔的著述中享有核心地位，它是豪泽尔的第一部著作，此后的四本著作都是对这部著作的补充、总结和提炼。1979年，该书被收录于《艺术社会学经典》中。社会学家克里斯蒂安?格诺伊斯（Christian Gneuss）把《艺术社会史》比作“启示录”，称赞该书促使人们再度关注“宏观历史问题”。,本书不仅对从石器时代到20世纪初的欧洲艺术发展史进行了笔酣墨饱的勾勒和阐释，讨论了包括造型艺术、文学、音乐、建筑、戏剧、电影、综艺演出在内的形形色色的艺术现象，更为重要的是，系统地将跨学科方法应用于艺术史研究，对各种艺术现象进行跨学科的考察和分析，在哲学、美学、宗教学、经济学、社会学、思想史、文化史、心理分析、电影理论等十来个领域纵横捭阖、...,阿诺尔德?豪泽尔是匈牙利艺术史家，艺术社会学家的创始人之一，与卢卡奇、阿多诺并称为“20世纪最重要的文化社会学家”。《艺术社会史》在豪泽尔的著述中享有核心地位，它是豪泽尔的第一部著作，此后的四本著作都是对这部著作的补充、总结和提炼。1979年，该书被收录于《艺术社会学经典》中。社会学家克里斯蒂安?格诺伊斯（Christian Gneuss）把《艺术社会史》比作“启示录”，称赞该书促使人们再度关注“宏观历史问题”。,本书不仅对从石器时代到20世纪初的欧洲艺术发展史进行了笔酣墨饱的勾勒和阐释，讨论了包括造型艺术、文学、音乐、建筑、戏剧、电影、综艺演出在内的形形色色的艺术现象，更为重要的是，系统地将跨学科方法应用于艺术史研究，对各种艺术现象进行跨学科的考察和分析，在哲学、美学、宗教学、经济学、社会学、思想史、文化史、心理分析、电影理论等十来个领域纵横捭阖、来回穿梭，为艺术史研究开辟了前所未有的广阔视野。",[匈] 阿诺尔德・豪泽尔
 7.8 ,西夏旅馆,https://book.douban.com/subject/5423772/,"骆以军  台湾中生代最重要的小说家,耗时四年倾力书写一部关于异族人、变形者的疯癫、妖艳、镜中幻城的恶魔之书,王安忆  莫言  梁文道  戴立忍  桂纶镁  跨界鼎力推荐,《西夏旅馆》是台湾中生代小说家骆以军迄今为止最为重要的作品，作者写作期间曾三度遭受忧郁症侵袭，最终耗时四年，倾力写就一部关于异族人、变形者的创伤与救赎、离散与追寻的疯癫、妖艳之书。,2010年，《西夏旅馆》荣获华文世界奖金最高的文学奖项“红楼梦奖”首奖，复旦大学陈思和教授在颁奖词中如此陈述：《西夏旅馆》以十一世纪神秘消失的西夏王朝作为历史托喻，以一座颓废怪诞的旅馆作为空间符号，写出一部关于创伤与救赎、离散与追寻的传奇故事。骆以军糅合私密告白与国族叙事，魔幻现实与情欲臆想，黑色幽默与感伤格调，铺陈现代中国经验最复杂的面貌。全书试探文学想象的禁区、人间伦理关系的极限，尤其值得瞩目。《西夏...,骆以军  台湾中生代最重要的小说家,耗时四年倾力书写一部关于异族人、变形者的疯癫、妖艳、镜中幻城的恶魔之书,王安忆  莫言  梁文道  戴立忍  桂纶镁  跨界鼎力推荐,《西夏旅馆》是台湾中生代小说家骆以军迄今为止最为重要的作品，作者写作期间曾三度遭受忧郁症侵袭，最终耗时四年，倾力写就一部关于异族人、变形者的创伤与救赎、离散与追寻的疯癫、妖艳之书。,2010年，《西夏旅馆》荣获华文世界奖金最高的文学奖项“红楼梦奖”首奖，复旦大学陈思和教授在颁奖词中如此陈述：《西夏旅馆》以十一世纪神秘消失的西夏王朝作为历史托喻，以一座颓废怪诞的旅馆作为空间符号，写出一部关于创伤与救赎、离散与追寻的传奇故事。骆以军糅合私密告白与国族叙事，魔幻现实与情欲臆想，黑色幽默与感伤格调，铺陈现代中国经验最复杂的面貌。全书试探文学想象的禁区、人间伦理关系的极限，尤其值得瞩目。《西夏旅馆》文字华丽，结构繁复，意象奇诡，寄托深远，为新世纪华文小说所仅见。,本书获奖记录：,2008 《中国时报》开卷好书奖,2008 《亚洲周刊》年度十大中文小说,2009  台湾文学奖小说金典奖,2009  第33届“金鼎奖”图书类最佳著作人奖,2010  第3届“红楼梦奖”世界华人长篇小说奖,推荐语：,骆以军是最近台湾十多年来最了不起、最有创造力的一位作家，而且甚至是整个华文世界里面最有重量的作家之一。……《西夏旅馆》在骆以军怪异、绚丽、有点色情意味的笔下，透露了外省第二代的漂流经验。,――王德威,这不是一部易懂的小说，但它是骆以军语言技艺的大成，更有可能是华文小说的新路碑。若要我用一句话去总结，我只能勉强地说：“西夏”在骆以军笔下成了一切历史中曾经灿烂登场却又终归灰灭的记忆之象征，“旅馆”乃是容纳无穷故事但又不可一一说完的迷宫装置，其奇诡复杂让人叹为观止。如果这是台湾中生代作家对小说提出的疑问和挑战，大陆这边又有哪一个同代人愿意去接应回答？,――梁文道,骆以军是个蛮横的蠢孩子，他具有极大的破坏力，把现有的时空砸个稀巴烂，再把齑粉般的碎片凑起来，搭一个莫须有的新时空，好歹拼成个四不像，却找不到进去的路径。正彷徨着，忽然蹈入一扇门，又陌生又熟悉，既不是砸烂的那一个，也不是新凑的这一个，而是第三个，叫做“西夏旅馆”。,――王安忆,这是一部庞杂的书，也是一部匠心独运的书。这是一部琐碎的写实之书，也是一部超越了现实生活的象征之书。这是一部让读者望之却步的书，也是一部让读者手不释卷的书。,――莫言,长辈不在的时候，我们都称骆以军为台湾文坛一哥，六以降第一人。,――戴立忍,作家翻箱倒柜将一幕幕荒谬乖离的末世景象以无比温柔的笔触结印。自脱稿那日, 便注定是一部跨世纪、 跨古今与两岸的文学巨著。,――桂纶镁",骆以军
 8.5 ,追随她的旅程,https://book.douban.com/subject/3406518/,一群少年快乐、自然、诗意、燥闷的成长往事。路小路、杨一、于小奇、曾园，虽然出生、经历各不相同，但在1990年的夏天，在戴城这个闭塞的小城，他们都有着逃离此地的欲望，都开始了对未来和爱情的追寻，他们遭遇到的挫折如此相似，他们的迷茫和失败也近乎相同。他们相遇，继而相离，期间夹杂温柔的暴力，克制却感人肺腑的爱情故事，还有最诚挚的兄弟之情。,路内
rate,tittle,link,content_intro,author_intro
 8.8 ,悲伤与理智,https://book.douban.com/subject/26264154/,"在这部题材丰富、视界浩淼的散文集中，约瑟夫?布罗茨基开篇便用深沉内省的目光审视了自己在苏俄的早年经历以及随后去往美国的流亡生涯。接着，作者用惊人的博学探讨了诗歌的张弛变幻、历史的本质、流亡诗人的双重困境等一系列颇具广度与深度的话题，思维的触手延揽古今，上及古罗马贤帝马可?奥勒留， 下至现当代诗人托马斯?哈代与罗伯特?弗罗斯特，将对存在本质的哲学探讨与对诗歌美学的炽烈情愫糅合锻造为继《小于一》之后的又一部世所罕见的奇作。,收入文集的二十一篇散文大致分为回忆录、旅行记、演说讲稿、公开信和悼文等几种体裁。这些散文形式多样，长短不一，但它们诉诸的却是一个共同的主题，即“诗和诗人”。这卷文集可以说是通向布罗茨基的诗歌观和美学观，乃至他的伦理观和世界观的一把钥匙。文集中最后一篇作品《悼斯蒂芬・斯彭德》完成后不到半年，布罗茨基自己也离开了人世，《悲伤与理智》因此也...,在这部题材丰富、视界浩淼的散文集中，约瑟夫?布罗茨基开篇便用深沉内省的目光审视了自己在苏俄的早年经历以及随后去往美国的流亡生涯。接着，作者用惊人的博学探讨了诗歌的张弛变幻、历史的本质、流亡诗人的双重困境等一系列颇具广度与深度的话题，思维的触手延揽古今，上及古罗马贤帝马可?奥勒留， 下至现当代诗人托马斯?哈代与罗伯特?弗罗斯特，将对存在本质的哲学探讨与对诗歌美学的炽烈情愫糅合锻造为继《小于一》之后的又一部世所罕见的奇作。,收入文集的二十一篇散文大致分为回忆录、旅行记、演说讲稿、公开信和悼文等几种体裁。这些散文形式多样，长短不一，但它们诉诸的却是一个共同的主题，即“诗和诗人”。这卷文集可以说是通向布罗茨基的诗歌观和美学观，乃至他的伦理观和世界观的一把钥匙。文集中最后一篇作品《悼斯蒂芬・斯彭德》完成后不到半年，布罗茨基自己也离开了人世，《悲伤与理智》因此也就成了布罗茨基生前出版的最后一部散文集，是布罗茨基散文写作、乃至其整个创作的“天鹅之歌”。,上海译文出版社此次翻译出版的《悲伤与理智》是这部佳作的首个国内中文译本，在翻译文学界具有填补空白的重大意义以及不可替代的文学与学术价值。",[美] 约瑟夫・布罗茨基
 9.2 ,一九八四・动物农场,https://book.douban.com/subject/1082387/,《一九八四》和《动物农场》是奥威尔的传世之作，堪称世界文坛上最著名的政治讽喻小说。他在小说中他创造的“老大哥”、“双重思想”、“新话”等词汇都已收入权威的英语词典，甚至由他的姓衍生了一个形容词“奥威尔式”不断出现在报道国际新闻的记者笔下，足见其作品在英语国家影响之深远。“多一个人看奥威尔，就多了一份自由的保障”，有评家如是说。,[英] 乔治・奥威尔
 9.3 ,时间之间,https://book.douban.com/subject/26756030/,"编辑推荐,莎士比亚辞世400周年（1616～2016），全球顶尖当代小说家联手改写莎翁七部经典剧作致敬！2016“莎士比亚年”全球联手打造的出版盛举，惠特布雷德首作奖得主、英国天才女作家、全球畅销书《橘子不是唯一的水果》作者珍妮特・温特森重磅首发，担纲改写《冬天的故事》这一莎翁晚年重要剧作，引发28国上千万读者热评。《纽约时报》《泰晤士报》《卫报》《金融时报》《星期日邮报》《出版人周刊》《观察家报》等携手推荐，《纽约时报》评价它是“一部闪耀着喜悦之光的小说”。国内新锐文艺阅读品牌“未读”与企鹅兰登（北亚）联手，全球独家呈现简体中文版《时间之间》。――时间抚平一切伤痛，我们终将被它捕获。,内容简介,刚出生的帕蒂塔被遗弃在医院的“婴儿岛”里。她是被亲生父亲列奥以“送回她亲生父亲那里”的名义带离父母身边的，但一场意外的发生使她从未抵达。帕蒂塔成了列奥狂热嫉...,编辑推荐,莎士比亚辞世400周年（1616～2016），全球顶尖当代小说家联手改写莎翁七部经典剧作致敬！2016“莎士比亚年”全球联手打造的出版盛举，惠特布雷德首作奖得主、英国天才女作家、全球畅销书《橘子不是唯一的水果》作者珍妮特・温特森重磅首发，担纲改写《冬天的故事》这一莎翁晚年重要剧作，引发28国上千万读者热评。《纽约时报》《泰晤士报》《卫报》《金融时报》《星期日邮报》《出版人周刊》《观察家报》等携手推荐，《纽约时报》评价它是“一部闪耀着喜悦之光的小说”。国内新锐文艺阅读品牌“未读”与企鹅兰登（北亚）联手，全球独家呈现简体中文版《时间之间》。――时间抚平一切伤痛，我们终将被它捕获。,内容简介,刚出生的帕蒂塔被遗弃在医院的“婴儿岛”里。她是被亲生父亲列奥以“送回她亲生父亲那里”的名义带离父母身边的，但一场意外的发生使她从未抵达。帕蒂塔成了列奥狂热嫉妒的牺牲品，嫉妒的对象是他最爱的两个人――竭力要全身心占有的挚爱、有孕在身的妻子咪咪，和他少年时的恋人、终生的朋友赛诺。他觉得咪咪和赛诺有染。,伤害常常只留给最爱的人。且以爱之名。,对帕蒂塔的人生来说，时空就此错位。从出生到十八岁，从伦敦到新波西米亚。她更是从未想过，被时空裂隙吞没的自己，是一切救赎的希望所系……,媒体评论,NPR（美国国家公共电台）年度最佳图书,温特森杰出的天赋在于，通过那些浅吟低唱般优美、常在意料之外迅捷而至的句子，成功地传达出小说的情感分量……她与令人费解的文本之间展开了一场奇妙的搏斗，最终呈现出一个错综复杂的、让人拍案叫好的当代故事――属于她自己的全新故事。――《纽约时报书评》,如同莎士比亚一样，温特森笔下的舞台上，处处充满了奇迹。――《泰晤士报文学增刊》,温特森不仅仅是改写了一个故事――她还将自己细致入微的心理感受填充进了这个故事中。观察温特森如何解决原剧本的问题固然有趣，但这本书真正的力量在于，她在时而朴实时而诗意的语言风格之间自由切换，并用任何她想用的元素（天使、游戏、劫车等）来阐述故事的能力。她让一个旧故事焕发出了新的生机。――《出版人周刊》,对于莎翁创作生涯的倒数第二个剧本而言，温特森的改写有着可爱的轻快节奏，聪敏而诙谐，故事情节引人入胜……小说让人充满了同情，并在一个众所熟知的故事里注入了一种真正的惊险感，而这绝非易事。它如此引人注目、有趣且优美。――《卫报》",[英] 珍妮特・温特森
 9.0 ,局外人,https://book.douban.com/subject/4908885/,《局外人》是加缪小说的成名作和代表作之一，堪称20世纪整个西方文坛最具有划时代意义最著名小说之一，“局外人”也由此成为整个西方文学-哲学中最经典的人物形象和最重要的关键词之一。,[法] 阿尔贝・加缪
 8.9 ,斯通纳,https://book.douban.com/subject/26425831/,"《斯通纳》讲述了生命中最重要的部分：爱，认同，怜悯，志业，傲骨，信任与死亡。,一个勇者有过的失败不失意的人生：即使不能拥有完美的生活，所幸追求过完整的自我。,美国，密苏里州。来自偏远农场的农家子弟、19岁的威廉・斯通纳进入州立密苏里大学学习农学。自一堂选修文学课为起点， 他的一生就此悄然改变。未来的斯通纳成为了一名大学老师，结婚、生子、教学、退休、衰老、死亡。在他生命的尽头，或许他可以坦然面对这个问题：你的一生，还要期望别的什么吗？,一部蕴含着真诚、激情与紧凑力量的小说，探究了历史洪流所忽视的人性之间的冲突、溃败与幸存，重新唤起思考每个个体独特存在的意义。作者约翰・威廉斯向世人展示了凡人中的勇者在如何生活。,----------------------------------------,威廉斯的写作显得澄澈、节制却准确。就像被打磨光滑的橡木上反射出...,《斯通纳》讲述了生命中最重要的部分：爱，认同，怜悯，志业，傲骨，信任与死亡。,一个勇者有过的失败不失意的人生：即使不能拥有完美的生活，所幸追求过完整的自我。,美国，密苏里州。来自偏远农场的农家子弟、19岁的威廉・斯通纳进入州立密苏里大学学习农学。自一堂选修文学课为起点， 他的一生就此悄然改变。未来的斯通纳成为了一名大学老师，结婚、生子、教学、退休、衰老、死亡。在他生命的尽头，或许他可以坦然面对这个问题：你的一生，还要期望别的什么吗？,一部蕴含着真诚、激情与紧凑力量的小说，探究了历史洪流所忽视的人性之间的冲突、溃败与幸存，重新唤起思考每个个体独特存在的意义。作者约翰・威廉斯向世人展示了凡人中的勇者在如何生活。,----------------------------------------,威廉斯的写作显得澄澈、节制却准确。就像被打磨光滑的橡木上反射出本色、持久的光泽。它的行文结构潜藏得不为人察觉，且毫无瑕疵，像一栋房子，精妙绝伦到绝无仿制再建的可能。,《斯通纳》一书的伟大之处在于，它以不带一丝一毫悲喜的冷静洞察了生活本质的全部。它从本质上触及了预见期待的与真实体验的生活间的落差……《斯通纳》迟到五十年后畅销，是献给被亏欠的艺术一次迟来的正名。 ――《纽约客》,斯通纳活过，然后死去，如你我一样。他生活中发生的每一件事就发生在你我面前，看似平淡。然而，写出这种“简单”却需要天才才能完成。读这本书是一本令人难过却又美妙的阅读体验。 ――《星期日泰晤士报》,约翰・威廉斯的《斯通纳》刻画了一个将追求智识当作对抗无意义的战争、拒绝与外部世界作廉价妥协的人的一生。它的意义或许不只是一部伟大的小说――它简直是一部几近完美的小说，机构精巧，语言优美，故事动人，展示着一种夺人心魄的完美。 ――《纽约时报》,一件文学的珍宝。 ――《明镜周刊》,拥有超乎寻常的力量……直击生活的真相，语言清澈优美。它是一部献给所有热爱文学之人的传奇。 ――伊恩・麦克尤恩,一本精彩绝伦的小说，既丰富又忧郁，记录着伤痛与失去的同时也留存了美好温柔的时刻。这本小说完美展现了小说艺术的要素，它的叙事节奏与情节构架均堪称完美无缺。这本小说像一条河流，冷静而又流畅的平静笔调裹挟着磅礴延绵的力量。 ――亚当・福尔兹",[美] 约翰・威廉斯
 8.8 ,我脑袋里的怪东西,https://book.douban.com/subject/26701959/,"◆ 诺贝尔文学奖得主、《我的名字叫红》《伊斯坦布尔》作者奥尔罕?帕慕克 蛰伏六年动情写就 全球60个语种正在流行。,◆斩获诺奖之后还能写出自己的最佳作品，帕慕克就是这样的大师。――《独立报》,◆让一千万人聚集在伊斯坦布尔的东西是生计、利益和账单，但只有一样东西支撑着这茫茫人海中的人们，那就是爱。,◆嘈杂腐败而又日新月异的城市史诗，天真、正派又卑微的街边小贩的人生传奇。,《我脑袋里的怪东西》是一个讲述钵扎小贩麦夫鲁特的人生、 冒险、幻想和他的朋友们的故事,同时也是一幅通过众人视角描绘的 1969―2012年间伊斯坦布尔生活的画卷。,在麦夫鲁特还是一个生活在安纳托利亚中部穷山村少年的时候，他就不住地幻想自己未来的生活会是怎样。,十二岁时他辗转来到“世界的中心”――伊斯坦布尔打拼，立刻被那些老城消逝、新城待建的景象所吸引。他继承了父亲的事业，在土耳其的街道...,◆ 诺贝尔文学奖得主、《我的名字叫红》《伊斯坦布尔》作者奥尔罕?帕慕克 蛰伏六年动情写就 全球60个语种正在流行。,◆斩获诺奖之后还能写出自己的最佳作品，帕慕克就是这样的大师。――《独立报》,◆让一千万人聚集在伊斯坦布尔的东西是生计、利益和账单，但只有一样东西支撑着这茫茫人海中的人们，那就是爱。,◆嘈杂腐败而又日新月异的城市史诗，天真、正派又卑微的街边小贩的人生传奇。,《我脑袋里的怪东西》是一个讲述钵扎小贩麦夫鲁特的人生、 冒险、幻想和他的朋友们的故事,同时也是一幅通过众人视角描绘的 1969―2012年间伊斯坦布尔生活的画卷。,在麦夫鲁特还是一个生活在安纳托利亚中部穷山村少年的时候，他就不住地幻想自己未来的生活会是怎样。,十二岁时他辗转来到“世界的中心”――伊斯坦布尔打拼，立刻被那些老城消逝、新城待建的景象所吸引。他继承了父亲的事业，在土耳其的街道上贩卖钵扎。他与那些在城市繁华外荒凉处的居民一样，渴望致富。但是运气似乎永远都不追随他，他看着亲戚们在伊斯坦布尔暴富并定居；而自己却花了三年时间给一位仅在婚礼上有过一面之缘的女孩儿写情书，最后却阴差阳错地和那女孩儿的姐姐私奔。麦夫鲁特人到中年，在伊斯坦布尔的街巷里做过许多营生，酸奶小贩、鹰嘴豆鸡肉饭小贩、停车场管理员……,他珍惜自己的家人和妻子，可工作失意、生活窘迫仍不断挤压着他。无论如何，他仍然夜复一夜，漫步在伊斯坦布尔街头，一边卖钵扎，思念自己的真爱，一边琢磨着脑袋里冒出的一个又一个怪怪的东西，这些念头让他自感与众不同。他，一个没钱没地位的钵扎贩子，既属于这个大都市，又在头脑中不停地寻找着另一种生活。",[土耳其] 奥尔罕・帕慕克
 9.0 ,月亮和六便士,https://book.douban.com/subject/1858513/,"一个英国证券交易所的经纪人，本已有牢靠的职业和地位、美满的家庭，但却迷恋上绘画，像“被魔鬼附了体”，突然弃家出走，到巴黎去追求绘画的理想。他的行径没有人能够理解。他在异国不仅肉体受着贫穷和饥饿煎熬，而且为了寻找表现手法，精神亦在忍受痛苦折磨。经过一番离奇的遭遇后，主人公最后离开文明世界，远遁到与世隔绝的塔希提岛上。他终于找到灵魂的宁静和适合自己艺术气质的氛围。他同一个土著女子同居，创作出一幅又一幅使后世震惊的杰作。在他染上麻风病双目失明之前，曾在自己住房四壁画了一幅表现伊甸园的伟大作品。但在逝世之前，他却命令土著女子在他死后把这幅画作付之一炬。通过这样一个一心追求艺术、不通人性世故的怪才，毛姆探索了艺术的产生与本质、个性与天才的关系、艺术家与社会的矛盾等等引人深思的问题。同时这本书也引发了人们对摆脱世俗束缚逃离世俗社会寻找心灵家园这一话题的思考，而关...,一个英国证券交易所的经纪人，本已有牢靠的职业和地位、美满的家庭，但却迷恋上绘画，像“被魔鬼附了体”，突然弃家出走，到巴黎去追求绘画的理想。他的行径没有人能够理解。他在异国不仅肉体受着贫穷和饥饿煎熬，而且为了寻找表现手法，精神亦在忍受痛苦折磨。经过一番离奇的遭遇后，主人公最后离开文明世界，远遁到与世隔绝的塔希提岛上。他终于找到灵魂的宁静和适合自己艺术气质的氛围。他同一个土著女子同居，创作出一幅又一幅使后世震惊的杰作。在他染上麻风病双目失明之前，曾在自己住房四壁画了一幅表现伊甸园的伟大作品。但在逝世之前，他却命令土著女子在他死后把这幅画作付之一炬。通过这样一个一心追求艺术、不通人性世故的怪才，毛姆探索了艺术的产生与本质、个性与天才的关系、艺术家与社会的矛盾等等引人深思的问题。同时这本书也引发了人们对摆脱世俗束缚逃离世俗社会寻找心灵家园这一话题的思考，而关于南太平洋小岛的自然民风的描写也引人向往。,《月亮和六便士》说问世后，以情节入胜、文字深刻在文坛轰动一时，人们争相传看。在小说中，毛姆用第一人称的叙述手法，借“我”之口，叙述整个故事，有人认为这篇小说的原型是法国印象派画家高更，这更增加了它的传奇色彩，受到了全世界读者的关注。",[英] 毛姆
 9.2 ,二手时间,https://book.douban.com/subject/26704403/,"2015年度诺贝尔文学奖得主阿列克谢耶维奇最具分量的作品,发表后荣获德国书业和平奖（2013）、法国美第契散文奖（2013）、俄罗斯「大书奖」读者票选最佳文学作品（2014）、波兰卡普钦斯基报告文学奖（2015）,本书是白俄罗斯著名作家阿列克谢耶维奇最新作品，通过口述采访的形式，展现身处关键历史时刻的普通人的生活。本书讲述了苏联解体后，1991年到2012年二十年间的痛苦的社会转型中，俄罗斯普通人的生活，为梦想破碎付出的代价。在书中，从学者到清洁工，每个人都在重新寻找生活的意义。他们的真实讲述同时从宏观和微观上呈现出一个重大的时代，一个社会的变动，为这一段影响深远的历史赋予了人性的面孔。苏联解体已逾二十年，俄罗斯人重新发现了世界，世界也重新认识了俄罗斯。新一代已经成长起来，他们的梦想已不再关乎梦想，不再像90年代他们的父辈，关心信仰。二十年来，人们...,2015年度诺贝尔文学奖得主阿列克谢耶维奇最具分量的作品,发表后荣获德国书业和平奖（2013）、法国美第契散文奖（2013）、俄罗斯「大书奖」读者票选最佳文学作品（2014）、波兰卡普钦斯基报告文学奖（2015）,本书是白俄罗斯著名作家阿列克谢耶维奇最新作品，通过口述采访的形式，展现身处关键历史时刻的普通人的生活。本书讲述了苏联解体后，1991年到2012年二十年间的痛苦的社会转型中，俄罗斯普通人的生活，为梦想破碎付出的代价。在书中，从学者到清洁工，每个人都在重新寻找生活的意义。他们的真实讲述同时从宏观和微观上呈现出一个重大的时代，一个社会的变动，为这一段影响深远的历史赋予了人性的面孔。苏联解体已逾二十年，俄罗斯人重新发现了世界，世界也重新认识了俄罗斯。新一代已经成长起来，他们的梦想已不再关乎梦想，不再像90年代他们的父辈，关心信仰。二十年来，人们看了崭新的俄罗斯，但她却早已不是任何人曾经梦想过的俄罗斯了。作者追溯了苏联和苏联解体之后的历史过程，让普通的小人物讲述他们自己的故事，从而展现出身处历史的转折，以及人们如何追寻信仰、梦想，如何诉说秘密和恐惧，让人们重新思考什么是“俄罗斯”和“俄罗斯人”，为什么他们无法适应急剧的现代化，为什么再近两百年之后，依然与欧洲相隔。本书分为上下两部分，采访了生长于理想之下的俄罗斯人和今天的俄罗斯人，以及阿塞拜疆等前苏联国家的普通人，呈现他们的生活细节，所感所想。德国媒体盛赞该书撷取的是最为细小的马赛克，却拼出了一幅完整的后苏联时代图景。“一部20世纪后半叶的微观俄国史，笔力直抵普京时代。”",S.A. 阿列克谢耶维奇
 9.0 ,霍乱时期的爱情,https://book.douban.com/subject/10594787/,"★马尔克斯唯一正式授权，首次完整翻译,★《霍乱时期的爱情》是我最好的作品，是我发自内心的创作。――加西亚?马尔克斯,★这部光芒闪耀、令人心碎的作品是人类有史以来最伟大的爱情小说。――《纽约时报》,《霍乱时期的爱情》是加西亚?马尔克斯获得诺贝尔文学奖之后完成的第一部小说。讲述了一段跨越半个多世纪的爱情史诗，穷尽了所有爱情的可能性：忠贞的、隐秘的、粗暴的、羞怯的、柏拉图式的、放荡的、转瞬即逝的、生死相依的……再现了时光的无情流逝，被誉为“人类有史以来最伟大的爱情小说”，是20世纪最重要的经典文学巨著之一。",[哥伦比亚] 加西亚・马尔克斯
 8.5 ,我就要你好好的,https://book.douban.com/subject/20256917/,"你可以把生活变成故事,但你想不到故事的结局,露・克拉克知道很多事情。她知道从公共汽车站走回家有多少步。她知道她喜欢在“黄油面包”茶馆工作，喜欢这有点迷糊又有点窘迫的生活。她其实清楚地知道自己或许不喜欢男朋友帕特里克。,露不知道的是她马上要失去她的工作，即将发生的事情会让她猝不及防。,威尔・特雷纳知道摩托车事故带走了本可以波澜壮阔的人生。他现在觉得每件事情都毫无意义，了无生趣。他确切地知道该怎样结束这一切。,威尔不知道的是露将穿着她五颜六色的衣服，闯进他的世界，而彼此的生活将彻底改变……",【英】乔乔・莫伊斯
 8.4 ,伊斯坦布尔,https://book.douban.com/subject/2042063/,《伊斯坦布尔：一座城市的记忆》书写的既是一部个人的历史，更是这座城市的忧伤。对帕慕克而言，伊斯坦布尔一直是一座充满帝国遗迹的城市。这个城市特有的“呼愁”，早已渗入少年帕慕克的身体和灵魂之中。如今作为作家的帕慕克，以其独特的历史感与善于描写的杰出天分，重访家族秘史，发掘旧地往事的脉络，拼贴出当代伊斯坦布尔的城市生活。跟随他的成长记忆，我们可以目睹他个人失落的美好时光，认识传统和现代并存的城市历史，感受土耳其文明的感伤。,[土耳其] 奥尔罕・帕慕克
 8.6 ,迷宫中的将军,https://book.douban.com/subject/25985126/,"《迷宫中的将军》成书于八十年代末。作者加西亚・马尔克斯与哥伦比亚、墨西哥以及委内瑞拉的历史学家们一起进行了两年的调查。本作品描写了南美解放者西蒙?玻利瓦尔生命中沿着马格达莱纳河幻影般的最后一趟旅程。这趟旅程在信件与各种各样的回忆录中几乎没被提到，这恰好给了作者在历史真实的范围内创作自己的故事的自由。,作品中，玻利瓦尔在疾病困扰、心灰意冷和种种超出了他的控制的不利条件下，重访了河岸边的城市，重走了见证他起伏辉煌的战绩、满载着他曾经的抱负以及他所遭遇的同路人和遭受的背叛的道路，一直向远方的大西洋奔赴。,与此同时，读者从中可以真正感觉到玻利瓦尔这一历史人物在他的社会地位和政治经济、军事力量乃至作为个人达到最高点时的风貌。将军为了从西班牙独立而进行的斗争接续了他统一拉美大陆的未完成的梦想，然而最终他带着最大的失望和遗憾离开了这个世界。",[哥伦比亚] 加西亚・马尔克斯
 7.6 ,The Door,https://book.douban.com/subject/26321442/,,Magda Szabo
 8.4 ,相约星期二,https://book.douban.com/subject/2194123/,莫里・施瓦茨是作者米奇・阿尔博姆在大学时，曾给予过他许多思想的教授。米奇毕业十五年后的一天，偶然得知莫里・施瓦茨罹患肌萎性侧索硬化，来日无多，这时老教授所感受的不是对生命即将离去的恐惧，而是希望把自己许多年来思考的一些东西传播给更多的人，于是米奇・阿尔博姆作为老人唯一的学生，相约每个星期二上课。在其后的十四个星期里，米奇每星期二都飞越七百英里到老人那儿上课。在这十四堂课中，他们聊到了人生的许多组成部分，如何面对他人，如何面对爱，如何面对恐惧，如何面对家庭，以及感情及婚姻，金钱与文化，衰老与死亡。最后一堂课是莫里老人的葬礼，整个事情的过程，以及这十四堂课的笔记便构成了这本《相约星期二》。,[美] 米奇・阿尔博姆
 8.7 ,作家笔记,https://book.douban.com/subject/5336228/,"本书中处处皆是敏锐的观察、自传性的笔记，以及毛姆很多最杰出作品的萌芽。《作家笔记》是我们对于一位伟大作家的活跃的心灵，得以进行令人愉悦的窥探的独一无二的窗口。,在差不多近五十年的时间里，毛姆记了一部私密的日记。在这部日记里，我们看到了毛姆无可比拟的洞察力，以及他作为一名作家的非凡职业生涯的萌芽与发展。年代跨越他在伦敦作为一名青年医科学生，到他成为经历丰富的世界旅行者。《作家笔记》有趣、睿智，充满启示。无疑，这是毛姆最富有意义的作品之一，对于他的粉丝，以及任何对创作过程感兴趣的人来说，都是一本必读书。,―――――――――――――――――――――――――,现代作家中对我影响最大的，就是毛姆。,――乔治?奥威尔,毛姆是一位伟大的艺术家……一个天才。,――泰奥多尔?德莱塞,一个老练的手艺人……他的风格犀利、迅捷、克制而不刻意。,――《纽约时报》,（毛姆）给了...,本书中处处皆是敏锐的观察、自传性的笔记，以及毛姆很多最杰出作品的萌芽。《作家笔记》是我们对于一位伟大作家的活跃的心灵，得以进行令人愉悦的窥探的独一无二的窗口。,在差不多近五十年的时间里，毛姆记了一部私密的日记。在这部日记里，我们看到了毛姆无可比拟的洞察力，以及他作为一名作家的非凡职业生涯的萌芽与发展。年代跨越他在伦敦作为一名青年医科学生，到他成为经历丰富的世界旅行者。《作家笔记》有趣、睿智，充满启示。无疑，这是毛姆最富有意义的作品之一，对于他的粉丝，以及任何对创作过程感兴趣的人来说，都是一本必读书。,―――――――――――――――――――――――――,现代作家中对我影响最大的，就是毛姆。,――乔治?奥威尔,毛姆是一位伟大的艺术家……一个天才。,――泰奥多尔?德莱塞,一个老练的手艺人……他的风格犀利、迅捷、克制而不刻意。,――《纽约时报》,（毛姆）给了我们无尽的愉悦，他留给我们一种伟丽的写作，只要英语这种文字存在一天，他的写作就会存在一天。,――《每日电讯报》,毛姆始终是个完美的手艺人……（他的散文是）如此简洁，如此节约，有着如此切身的动机，而且写作技艺如此高超，它自始至终都吸引着读者的注意。,――《星期六文学评论》,对我这代作家来说，如果他诚实，那么，他很难装作对毛姆的作品无动于衷……,――戈尔?维达尔","（英）萨默塞特・毛姆,Somerset Maugham"
 8.1 ,纸牌屋,https://book.douban.com/subject/25808056/,"内容简介：,在首相连任竞选中功不可没的党鞭长弗朗西斯・厄克特本以为自己会入内阁任职，不料未能如愿。于是他暗中发誓要取代背叛自己的首相，搞垮所有的对手。他利用自己能够掌握内阁机密和掌握党内人士隐秘的优势，操控了一个又一个官员，并利用《每日纪事报》里想成为一线政治记者的玛蒂・斯多林，令她在媒体上大做文章。,初战告捷后，他旋即指派手下对内阁展开大规模围剿，紧紧咬住所有人的弱点，除掉了一个又一个对手，扫清了一个又一个障碍，然而他的阴谋也在慢慢地暴露。他最终能否登上首相宝座，而知道越来越多内幕的玛蒂又能否安然周旋于权力斗争中，并实现自己的理想呢？,编辑推荐：,1.热播美剧原著小说，中国唯一正版授权：,本书是年度热播美剧《纸牌屋》原著小说，中文版唯一授权，首次出版。,数次改编经典剧集，第二季新春隆重开播：,《纸牌屋》被两次改编成电视剧，1990年英国BBC将其改...,内容简介：,在首相连任竞选中功不可没的党鞭长弗朗西斯・厄克特本以为自己会入内阁任职，不料未能如愿。于是他暗中发誓要取代背叛自己的首相，搞垮所有的对手。他利用自己能够掌握内阁机密和掌握党内人士隐秘的优势，操控了一个又一个官员，并利用《每日纪事报》里想成为一线政治记者的玛蒂・斯多林，令她在媒体上大做文章。,初战告捷后，他旋即指派手下对内阁展开大规模围剿，紧紧咬住所有人的弱点，除掉了一个又一个对手，扫清了一个又一个障碍，然而他的阴谋也在慢慢地暴露。他最终能否登上首相宝座，而知道越来越多内幕的玛蒂又能否安然周旋于权力斗争中，并实现自己的理想呢？,编辑推荐：,1.热播美剧原著小说，中国唯一正版授权：,本书是年度热播美剧《纸牌屋》原著小说，中文版唯一授权，首次出版。,数次改编经典剧集，第二季新春隆重开播：,《纸牌屋》被两次改编成电视剧，1990年英国BBC将其改编成电视剧后广受好评，被评为英国史上最伟大的政治剧之一。美剧第一季于2013年2月开播以来，迅速风靡全球，奥巴马和白宫、国会山多位政要均是剧集的铁杆粉丝！第二季将于2014年2月14日开播，更有奥斯卡影后朱迪・福斯特加盟。,3.亲历官场的畅销作家，真实可感的政治斗争：,作者迈克尔・道布斯是英国政治家，他1975年他步入政坛，开始为保守党议员撰写演讲稿，很快崭露头角，被称为“威斯敏斯特的娃娃脸杀手”，后任政府特别顾问和撒切尔政府幕僚长，最终于保守党副主席的职位上退休，2010年被英王室册封为男爵。1989年，他写的英国官场小说《纸牌屋》大获好评，迅速成为畅销书作家。,4.国家领导人王岐山、美国总统奥巴马多次向属下推荐《纸牌屋》：,上半年王岐山推荐过的《旧制度与大革命》出版了无数个版本，都十分畅销，一个月前他推荐的《大清相国》迅速断货，加印数次，他曾多次向下属推荐《纸牌屋》并表示关注主角命运。奥巴马也多次表示他最喜欢的美剧是《纸牌屋》，并且希望有机会客串第三季。虽然他们没有直接推荐《纸牌屋》，但原著小说也可以借力推广。,5.真实可感的政界博弈，激烈精彩的权力游戏：,作者用娓娓道来的笔触讲述了一个心狠手辣的政治老手如何凭一己之力将首相扳倒的精彩故事。作者曾是撒切尔夫人的幕僚长，还曾是保守党副主席，所以他写的官场小说真实可感，精彩异常。,媒体评论：,“这是个无比刺激的故事，生动真实，引人入胜，充满了对这个世界的冷嘲热讽，同时也让人有身临其境之感……这本书真是大获全胜。”,――《独立报》,“这个令人兴奋的惊悚故事充满了威斯敏斯特的‘风情’。这个政治悬疑故事作家曾经是政府的圈内人，对这些事情有着深刻的了解。《纸牌屋》结构紧凑，发人深省，精彩万分。”,――《每日快报》,“全篇行文结构紧凑，令人身临其境，直戳要害。”,――《每日电讯报》,“弗朗西斯・厄克特是个多么精彩的人物啊！”,――《星期日电讯报》",迈克尔・道布斯
 8.1 ,蝴蝶狮,https://book.douban.com/subject/26579234/,"“它是一头狮子，又不是一个人。狮子根本不需要名字。”,这是一个小男孩和一只白狮子之间的故事,也是一个生命守护和拥抱另一个生命的故事,有关孤独，爱，承诺，温暖，和美好,一个小男孩在寄宿学校受到种种委屈，一个雨天，想要逃学的想法终于付诸行动。逃学途中，小男孩为避雨躲到一位老婆婆家，老婆婆用故事把他带到非洲大草原去，一个数十年前和他念同一间学校，同样逃学的男孩的故乡去……,两件本来不可能交错的事，却不可思议地重迭在一起，像是“不能说的秘密”，成就了这本书最耐人寻味的结局。,英国小男孩怎么遇到非洲白狮子？长大后，小男孩到英国念书，白狮子被卖入马戏团，他们又是如何重逢？白狮子和蓝色的阿多尼斯蓝蝶又是怎么化成蝴蝶狮，长长久久盘踞在山头？这则动人的故事又是透过什么人流传出来……书中每个环节都有令人惊叹的转折，结尾处更有“余音袅袅，绕梁三日，不绝于耳”的绝妙回味。,...,“它是一头狮子，又不是一个人。狮子根本不需要名字。”,这是一个小男孩和一只白狮子之间的故事,也是一个生命守护和拥抱另一个生命的故事,有关孤独，爱，承诺，温暖，和美好,一个小男孩在寄宿学校受到种种委屈，一个雨天，想要逃学的想法终于付诸行动。逃学途中，小男孩为避雨躲到一位老婆婆家，老婆婆用故事把他带到非洲大草原去，一个数十年前和他念同一间学校，同样逃学的男孩的故乡去……,两件本来不可能交错的事，却不可思议地重迭在一起，像是“不能说的秘密”，成就了这本书最耐人寻味的结局。,英国小男孩怎么遇到非洲白狮子？长大后，小男孩到英国念书，白狮子被卖入马戏团，他们又是如何重逢？白狮子和蓝色的阿多尼斯蓝蝶又是怎么化成蝴蝶狮，长长久久盘踞在山头？这则动人的故事又是透过什么人流传出来……书中每个环节都有令人惊叹的转折，结尾处更有“余音袅袅，绕梁三日，不绝于耳”的绝妙回味。,我们总在生命里许下许多承诺，但时光荏苒，美好不再，你的承诺实现了吗？,如果没有，尽管来看看这里的故事。",[英] 麦克・莫波格
 8.1 ,广岛之恋,https://book.douban.com/subject/1400707/,"如果一定要为西方电影从古典时期转为现代时期寻找一部电影作为划时代的里程碑的话，那么这部电影无疑应当是《广岛之恋》。《广岛之恋》以其现代意义的题材，暧昧多义的主题，令人震惊的表现手法，与新小说派的紧密联结，在多重意义上，启发和开创了现代电影。,一九五九年的五月，阿伦・雷乃携他于去年拍摄完成的新片《广岛之恋》来到法国戛纳参加在这里举办的第十二届电影节，影片如一枚重磅炸弹，立即轰动了整个西方影坛。有人认为这是一部“空前伟大的作品”、是“古典主义的末日”、“超前了十年，使所有的评论家都失去了勇气。”,《广岛之恋》讲述在日本拍戏的法国女演员与日本建筑师的异国恋情，穿插遭遇原子弹的广岛和二战时期女演员少女时代在法国小城纳韦尔与德国士兵的爱情悲剧。人们说《广岛之恋》是电影的转折点，影片中首次出现大胆而新颖的叙事技巧，电影将早已为文学把持的地盘夺了过来，超现实主义和...,如果一定要为西方电影从古典时期转为现代时期寻找一部电影作为划时代的里程碑的话，那么这部电影无疑应当是《广岛之恋》。《广岛之恋》以其现代意义的题材，暧昧多义的主题，令人震惊的表现手法，与新小说派的紧密联结，在多重意义上，启发和开创了现代电影。,一九五九年的五月，阿伦・雷乃携他于去年拍摄完成的新片《广岛之恋》来到法国戛纳参加在这里举办的第十二届电影节，影片如一枚重磅炸弹，立即轰动了整个西方影坛。有人认为这是一部“空前伟大的作品”、是“古典主义的末日”、“超前了十年，使所有的评论家都失去了勇气。”,《广岛之恋》讲述在日本拍戏的法国女演员与日本建筑师的异国恋情，穿插遭遇原子弹的广岛和二战时期女演员少女时代在法国小城纳韦尔与德国士兵的爱情悲剧。人们说《广岛之恋》是电影的转折点，影片中首次出现大胆而新颖的叙事技巧，电影将早已为文学把持的地盘夺了过来，超现实主义和意识流介入，影片同传统的、以设置一个无所不知的讲述者为基础的现实主义表演实行了决裂。一个或多个人物的独白取代了讲述者。世界不再是被描绘的了，而是反映在人的脑海中，观众也不得不以新的方式去感受这些影片。,五十年代末期，法国一批新进导演掀起反传统的电影运动，被称为“新浪潮”，以戈达尔为首的年轻导演蔑视一切传统的电影叙事方法，拍摄的电影具有明显的现代主义色彩。 同时期崛起的“左岸派”电影集团通常被视为“新浪潮”的一个分支，阿伦・雷乃既是这一集团的代表，他们拍摄的影片注重探索人的内心意识，更使用大量现代色彩十分浓郁的时空倒错的“意识流”手法。,左岸派与文学的联系十分紧密，当时盛行的“新小说”派作家其一大部分即是“左岸派”的成员。如“新小说”派的代表人物玛格丽特・杜拉斯。“新小说”派作家给“左岸派”电影带来了强烈的文学风格，因而“左岸派”电影又被称为“作家电影”。“作家电影”一词广义上具有双重含义，其一它意味着影片的导演即是影片的创作者，影片必须具有强烈的个人风格；其二影片的剧本屏弃改编名著，而是只拍为电影原创的剧本，其中一大部分是文学家为电影创作的剧本，影片中许多表现手法因而来源于对文学表现手法的借鉴。《广岛之恋》由玛格丽特・杜拉斯编剧，阿伦・雷乃导演，无疑成为左岸派作家电影的代表作。,《广岛之恋》的爱情与反战反军国主义题材的相互交织得益于玛格丽特・杜拉斯的剧本原创，但是纵观阿伦・雷乃的创作历程，当代历史事件（第二次世界大战和战后事件）以及战争对人类命运的影响，始终是他选材的重心所在。创作于1950年的《格尔尼卡》借助毕加索的同名绘画，对在1937年德国法西斯对西班牙这个著名的古城所进行的灭绝人性的轰炸进行强烈的抗议。1955年阿伦・雷乃又拍摄了《夜与雾》，重新剪辑档案馆得来的黑白照片，新闻片以期重现纳粹集中营残酷情景。而《广岛之恋》正是这两部作品的合乎逻辑的延续和归宿。",[法] 玛格丽特?杜拉斯
 8.2 ,每一种相遇全都妙不可言,https://book.douban.com/subject/26681709/,"一场欢愉与恐惧、欲望与惊奇交织的美式历险，,一则关于家、关于生命本真的时光寓言。,我们的幸运，是一起战胜不幸。,在对家庭的种种失望下，渴望成为电影明星的爱丽思，决心带着她的小跟班妹妹伊娃出走，展开一场横穿美国的追梦之旅，爱丽思的勃勃雄心就这样把俩人从俄亥俄州的小镇带往声 色犬马的好莱坞。从纸醉金迷的爵士俱乐部到长岛的金色千万豪宅，从布鲁克林的美容院到伦敦西区的熙攘角落，挤在一辆偷来 的旅行车上，她们一路追寻，也一路见证着时代变革下不断被重塑的世相。旅程队伍随着她们结交的形形色色的人逐渐壮大，而梦想也因丑闻、谎言、背叛、战争的交织充满了意想不到的曲折……,>>>全球媒体评论<<<,★“妙趣横生而又感人至深。艾米?布鲁姆的作品是文学的一场卓越胜利！”,――《纽约时报》,★“一场熙熙攘攘的美式历险记，怀抱着肆意又宽广的胸怀，艾米?布鲁姆就是美国当代的维克多...,一场欢愉与恐惧、欲望与惊奇交织的美式历险，,一则关于家、关于生命本真的时光寓言。,我们的幸运，是一起战胜不幸。,在对家庭的种种失望下，渴望成为电影明星的爱丽思，决心带着她的小跟班妹妹伊娃出走，展开一场横穿美国的追梦之旅，爱丽思的勃勃雄心就这样把俩人从俄亥俄州的小镇带往声 色犬马的好莱坞。从纸醉金迷的爵士俱乐部到长岛的金色千万豪宅，从布鲁克林的美容院到伦敦西区的熙攘角落，挤在一辆偷来 的旅行车上，她们一路追寻，也一路见证着时代变革下不断被重塑的世相。旅程队伍随着她们结交的形形色色的人逐渐壮大，而梦想也因丑闻、谎言、背叛、战争的交织充满了意想不到的曲折……,>>>全球媒体评论<<<,★“妙趣横生而又感人至深。艾米?布鲁姆的作品是文学的一场卓越胜利！”,――《纽约时报》,★“一场熙熙攘攘的美式历险记，怀抱着肆意又宽广的胸怀，艾米?布鲁姆就是美国当代的维克多?雨果！她笔下的行旅小说所展现的世界，不但令读者徜徉陶醉，更透过直击人心的文字，将承载着无常命运与祸福难测的转盘人生，本色地刻画在我们面前。”,――《华盛顿邮报》,★“令人忍不住嘴角上扬的假日最佳读物！画唇彩、说俏皮话……这对小姐妹之间真挚长久的感情，充满着治愈人心的力量。”,――《今日美国》,★“‘布鲁姆式’酥脆美味的散文体，带出了广阔吵嚷的生活的本真。在作者绝妙的笔下，伊娃与爱丽思共同演绎了《每一种相遇全都妙不可言》这出无拘无束的悲喜剧。”,――美国《俄勒冈人报》,★“不断打破你的预期，却又不经意间制造惊喜，你会在书中的某个拐角，顿悟为何人生的每一种相遇都妙不可言。”,――《纽约时报》书评家 珍妮特?马斯林,★年度“最佳假日读物“之一！,――托马斯?库克,★“节奏明快、趣味盎然、扣人心弦。”,――美国《时尚好管家》杂志,★“读布鲁姆的作品，是对人生重新审视的体验，让我们明白生命中所有的因缘际遇，是如何由各种各样的偶然性和复杂的部件以不可思议的方式所构成――这本书就像剔透的水晶，又似莫扎特式的图景，将一场欢愉与恐惧、欲望与惊奇共同交织成的盛宴，毫无保留地一一呈现在我们面前。”,――Elle杂志,★“直击心灵的关于成长的种种不幸的故事。”,――科斯克书评,★“这本充满精巧想象力的小说，是一只窥见40年代纷繁的万花筒。《每一种相遇全都妙不可言》是一则讲述关于家庭亲密与悲剧的全球化寓言。”,――《奥普拉杂志》,★“布鲁姆这本最新的小说，表面上是一场稀奇古怪、莽莽撞撞又妙趣横生的公路旅行：秘密的身份，心怀梦想的好莱坞之星，假装的塔罗牌占卜师……而它的核心，却是在战争带来人生的转折和穷困的境遇下，关于自我重塑的故事，里面充满了有趣的人物和数不清的惊喜。这本书尤其是喜欢20世纪题材背景文学小说的读者们的上佳之选！”,――《图书馆杂志》星级书评,★“这是一本有趣的、浓烈的小说，它散发着坚韧不屈之下的柔软，和面对艰难所不失的优雅与慵懒。布鲁姆是一位出色的作家，她所坚持的道路为自己开辟了新的领地。她是美国当代最独特、最有才华的文学声音。”,――美国著名作家 科伦?麦克恩,★“这部作品代表着了不起的成就，它让我们期待已久。布鲁姆塑造了各式各样的人物形象，凭借着丰富而令人惊叹的语言巧妙地游走于喜剧与悲剧的边界。她是美国的财富。”,――著名美国作家 迈克尔?坎宁安",[美]艾米・布鲁姆
 8.5 ,龙文身的女孩,https://book.douban.com/subject/4292149/,"八十二岁的瑞典产业巨子范耶尔在生日当天，照例收到了一幅匿名寄来的裱框压花，却令他情绪溃堤地哭了起来……,备受尊重的金融记者布隆维斯特一向以揭发企业丑闻为职志，却突然因一篇报道而获诽谤罪，职业生涯跌入谷底，不得不辞去亲手创办的《千禧年》杂志发行人一职。此时，一位大企业家亨利・范耶尔突然找上门来，开出不可思议的天价，请布隆维斯特花费一年的时间为他撰写传记，同时私下偷偷调查一起沉寂多年的少女失踪案，他的侄女四十年前在瑞典北部他们家族所有的一个岛屿上神秘消失的事实数十年来一直折磨着他。失业且面临财务危机的布隆维斯特接受了这一令人不安的请托。最终，他发现了隐藏在这个光鲜亮丽的显赫家族背后令人毛骨悚然的秘密。,在调查过程中，布隆维斯特认识了矮小瘦弱的莎兰德，她貌似问题少女，却是个顶尖级的骇客，对电脑的掌控有如跟魔鬼签了契约，有了她的协助，布隆维斯特如虎添翼，然而...,八十二岁的瑞典产业巨子范耶尔在生日当天，照例收到了一幅匿名寄来的裱框压花，却令他情绪溃堤地哭了起来……,备受尊重的金融记者布隆维斯特一向以揭发企业丑闻为职志，却突然因一篇报道而获诽谤罪，职业生涯跌入谷底，不得不辞去亲手创办的《千禧年》杂志发行人一职。此时，一位大企业家亨利・范耶尔突然找上门来，开出不可思议的天价，请布隆维斯特花费一年的时间为他撰写传记，同时私下偷偷调查一起沉寂多年的少女失踪案，他的侄女四十年前在瑞典北部他们家族所有的一个岛屿上神秘消失的事实数十年来一直折磨着他。失业且面临财务危机的布隆维斯特接受了这一令人不安的请托。最终，他发现了隐藏在这个光鲜亮丽的显赫家族背后令人毛骨悚然的秘密。,在调查过程中，布隆维斯特认识了矮小瘦弱的莎兰德，她貌似问题少女，却是个顶尖级的骇客，对电脑的掌控有如跟魔鬼签了契约，有了她的协助，布隆维斯特如虎添翼，然而这个龙文身的女孩的身世和内心却是一个令人费解的谜……,在瑞典，平均每3人就拥有1本《龙文身的女孩》；,在丹麦，《龙文身的女孩》销售程度仅次于圣经；,在法国，每4部车里就可以找到1人拥有《龙文身的女孩》；,在英美，每个读了《龙文身的女孩》的人都为之疯狂！,来自瑞典，史无前例攻占全球畅销书榜、屡创崭新纪录的完美小说，正待您品尝！,凭借处女作《龙文身的女孩》超越丹・布朗与斯蒂芬妮・梅尔（《暮光之城》作者）,荣登“欧洲最具冲击力十大畅销小说家”榜首大师,斯蒂格・拉森“千禧”系列首部曲,王安忆，麦家，虹影一致推荐！,・相关媒体评论：,几乎找不到比这则数十年前发生在斯德哥尔摩北方一座偏僻小岛的少女失踪案来得更冰冷的案件，也找不到比勇于揭发丑闻的瑞典记者拉森所写的这本欧洲畅销书，来得更热卖的小说处女作。,――《出版人周刊》,一项出版界的奇迹，一位不知从哪里冒出来的成功犯罪小说家……犯罪小说界极少同时需要向一位作家致敬与致哀――拉森就是这样一位光芒四射的作家。,――《周日泰晤士报》,瑞典的犯罪小说，就像该国一样，兼具高水平与社会关怀。这样的国家产生一部属于他们自己的《战争与和平》是早晚的事……这部小说巨著借由许多角色来呈现许多主题……本书的情节与节奏的掌握都极为出色，难怪整个欧洲都为之疯狂。,――《悉尼前锋早报》,我不信你今年还找得到比这本更好看的书。,――英国推理小说作家  薇儿・麦德米,如雪地上的血迹般强烈鲜明！一部完美的杰作，带领读者感受北欧犯罪小说的独特力量。,――英国推理小说作家  李・恰尔德,《龙文身的女孩》是部全新的政治与新闻悬疑小说，内容非常贴近人心且具道德精神。尽管揭露的是社会的黑暗面，斯蒂格・拉森仍完成了一部精彩丰富的小说，书中的主要人物令人难忘。,――《英国病人》作者  麦克尔・翁达杰,一开始，我带着一种老练的读者挑剔的眼光阅读斯蒂格・拉森长达二千一百页的《千禧年》三部曲，但很快就被彻底地征服了。几个星期来，我完全沉浸在每一部作品带给我的无尽的欢喜和极度的兴奋中。这种欢喜和兴奋只有在我童年和少年时阅读大仲马的《三个火枪手》或者狄更斯和维克多・雨果的小说时才有……像所有文学作品中的伟大的复仇故事一样，这个三部曲安抚了我们，让我们觉得在这个残缺的充满了谎言的世界上，还有一些珍贵的东西，也许它们就保存在城市的芸芸众生之中？！,――秘鲁作家  巴尔加斯・略萨,我遇见的每一位瑞典出版人都读过这三本书，也都不吝说出他们的赞美，这在嫉妒心很强的出版界是很难得而有趣的现象。再也不会有比这更有说服力的推荐了。,――瑞典资深出版人  克里斯托弗・麦理浩,这是我近年来读过的最好看的小说，可惜它不是由企鹅出版社出的。,――企鹅出版社中国公司总经理  周海伦,开始读这本书之后，它几乎接管了我的生活。……当我终于在凌晨三点合上本书时，眼睛已经极度疲累，但脑子却仍停留在拉森所创造出来、那极为鲜明的犯罪小说世界中，根本无法入睡。这是我读过最棒的犯罪小说之一。,――澳大利亚莫道克出版社发言人  朱莉・达拉赫,拉森的《龙文身的女孩》，总的来说属于密室犯罪小说，它起于智力，罪恶，仇恨，但终于一个人黑暗的内心，人性的“恶之花”，性与命相连的宿命。它终究是在丈量人心、世道，这是一般密室犯罪小说所达不到的。它像一首动听的流行歌，旋律是轻曼的，但调子是忧怨的，听着听着就听出一点宗教意味来，像麦当娜唱的《阿根廷，不要为我哭泣》。,――麦家,已经好久没有像读《龙文身的女孩》的激动，书中的女主人公的野性和正义，智慧和个性的美，正是我们这个时代女子所需要的形象！这本小说紧扣人心，使你一拿起就放不下，而且让你心里发出震撼，没人看了这本书会不喜欢的。,――虹影,如果你是个评论家，难免会发现有些书的宣传文字有点言过其实，但就《龙文身的女孩》而言，每一句赞美之词都名副其实……这本书黑暗且极具说服力……是我有幸读过最好的犯罪小说之一。“跨越了类型界线”是一句太常被使用的形容词，但用在这本书上可是再贴切不过了。,―― ReviewingTheEvidence书评网站,杰出、刺激、令人神魂颠倒、令人上瘾、有爆发力的“千禧”三部曲，挑战了所有的纪录。也可以单纯的以两个字来形容：奇迹！,――leblogdeslivres博客网站",[瑞典] 斯蒂格・拉森
 7.5 ,青春咖啡馆,https://book.douban.com/subject/4714018/,"在巴黎塞纳河左岸的拉丁区，靠近卢森堡公园的奥黛翁，有一家名叫孔岱的咖啡馆。它像一块巨型磁铁一样，吸引着一群十八到二十五岁的年轻人。他们“四处漂泊，居无定所，放荡不羁”，过着今朝有酒今朝醉的日子，从不考虑未来，享受着文学和艺术的庇护。,在这群客人之中，有一个名叫露姬的二十二岁女子特别引人注目。她光彩夺目，就像银幕上光芒四射的女影星。她是从哪里来的？她有着怎样的故事？她的迷人光芒之后隐藏着怎样不为人知的秘密？她是不是在逃避什么？故事围绕着这名年轻女子的失踪展开。四个叙述者纷纷登场，他们都已第一人称“我”的口吻，向读者娓娓讲述露姬的短暂人生经历。",[法] 帕特里克・莫迪亚诺
 8.4 ,上升的一切必将汇合,https://book.douban.com/subject/10483439/,《上升的一切必将汇合》是美国著名作家弗兰纳里・奥康纳的短篇小说代表作，也是最后一部短篇小说集，在其身后一年后始得发表。本书收录了奥康纳十几部代表性短篇小说，涉及种族、宗教、救赎等多个主题，延续了此前怪诞、诡异、阴暗的写作风格，在平静的对话和叙事中展开黑暗的布景，结局往往出其不意，且富有浓厚的象征意味，引人思索。,[美]弗兰纳里・奥康纳
 9.1 ,阿莱夫,https://book.douban.com/subject/3003258/,"短篇小说集《阿莱夫》发表于1949年，收入17篇小说，并附后记。这个集子里除了《埃玛?宗兹》和《武士和女俘的故事》以外，都属于幻想小说类型。前者的梗概是塞西莉亚?因赫涅罗斯提供给我的，我写作时字斟句酌，唯恐损害如此精彩的情节；后者试图演绎两件可靠的事实。第一篇花了很大功夫；主题涉及永生给人类带来的后果。那篇阐述永生者的伦理观的故事后面是《釜底游鱼》：小说里的阿塞韦多?班德拉是里韦拉或者塞罗? 拉尔戈之类的犷悍的汉子，是切斯特顿笔下的无与伦比的森迪的混血儿翻版。（《罗马帝国衰亡史》第二十九章叙说了一个遭遇和奥塔洛拉相似的人物，但情节更悲惨、更匪夷所思。）《神学家》写的是一个有关个人特征的凄楚的梦；《塔德奥?伊西多罗?克鲁斯小传》是对马丁?菲耶罗的注释。《阿斯特里昂的家》的创作和主角性格的塑造是我从瓦茨1896年的一幅油画得到的启发。《另一次死亡》是有关...,短篇小说集《阿莱夫》发表于1949年，收入17篇小说，并附后记。这个集子里除了《埃玛?宗兹》和《武士和女俘的故事》以外，都属于幻想小说类型。前者的梗概是塞西莉亚?因赫涅罗斯提供给我的，我写作时字斟句酌，唯恐损害如此精彩的情节；后者试图演绎两件可靠的事实。第一篇花了很大功夫；主题涉及永生给人类带来的后果。那篇阐述永生者的伦理观的故事后面是《釜底游鱼》：小说里的阿塞韦多?班德拉是里韦拉或者塞罗? 拉尔戈之类的犷悍的汉子，是切斯特顿笔下的无与伦比的森迪的混血儿翻版。（《罗马帝国衰亡史》第二十九章叙说了一个遭遇和奥塔洛拉相似的人物，但情节更悲惨、更匪夷所思。）《神学家》写的是一个有关个人特征的凄楚的梦；《塔德奥?伊西多罗?克鲁斯小传》是对马丁?菲耶罗的注释。《阿斯特里昂的家》的创作和主角性格的塑造是我从瓦茨1896年的一幅油画得到的启发。《另一次死亡》是有关时间的幻想，彼尔?达米亚尼几句话给了我灵感。第二次世界大战期间，我比谁都更希望德国打败；比谁都更深切地感到德国命运的悲剧性；《德意志安魂曲》试图对那种命运加以探索，我们的“亲德分子”对德国一无所知，不懂得为德国的命运悲叹，甚至没有料到德国会落到这种地步。《神的文字》得到慷慨的好评；那头美洲豹使我不得不通过一个“卡霍隆金字塔的巫师”之口道出神秘主义或者神学者的观点。我认为在《扎伊尔》和《阿莱夫》里可以看到威尔斯1899年写的短篇小说《水晶蛋》的某些影响。",[阿根廷]豪・路・博尔赫斯
 8.8 ,野性的呼唤,https://book.douban.com/subject/1883353/,《野性的呼唤》讲述了一只良犬逐渐回归野性、重返荒野的过程，这一过程充满了野性与人性之间的交织与角斗，而最终野性占据了主导。作者藉此深刻反映了“弱肉强食”的丛林法则。《白獠牙》则与《野性的呼唤》构成了有意味的对比，细致展现的是一只充满野性的小灰狼历尽艰辛最终走向对人性的认同的“心路历程”。,杰克・伦敦
 8.9 ,西线无战事,https://book.douban.com/subject/2254615/,一九二八年雷马克在《福斯报》上发表了《西线无战事》，翌年单行本出版。该书使他一举成名，蜚声世界文坛，同时也使他遭受到法西斯的迫害。雷马克是“人们读得最多、受赞扬最多和受攻击最多的当代作家”。这个评价已经普遍得到各国文学批评家的认同。雷马克的这部著作使世界文学宝库变得更加丰富充实，他已经成了二十世纪享有世界声誉的大作家之一，他的名字和著作将会继续流传下去。,[德国]埃里希・玛丽亚・雷马克
 8.2 ,等待戈多,https://book.douban.com/subject/1051714/,"《等待戈多》写的是发生在两个黄昏的事情，但是没有什么情节可言。主角是两个流浪汉，背景是一片荒野，路旁只有一棵枯树，两个流浪汉就是树下等待着一个叫戈多的人。他们一面做着闻臭靴子之类的无聊动作，一面在语无论次地梦呓。最后有一个男孩来说戈多今晚不来了，第一幕就算结束。第二幕就是第一幕的重复，只是当知道戈多又不来的时候，他们就想上吊，结果裤带一拉就断，于是只能毫无希望地等待下去。,写于1948年的两幕剧《等待戈多》历来被认为是荒诞派戏剧的经典之作。",[爱尔兰] 萨缪尔・贝克特
 8.5 ,失乐园,https://book.douban.com/subject/2032523/,《失乐园》以史诗的磅礴气势揭示了人的原罪与堕落。诗中叛逆之神撒旦，因为反抗上帝的权威被打入地狱，却毫不屈服，为复仇寻至伊甸园。亚当与夏娃受被撒旦附身的蛇的引诱，偷吃了上帝明令禁吃的知识树上的果子。最终，撒旦及其同伙遭谴全变成了蛇，亚当与夏娃被逐出了伊甸园。这部长诗体现了诗人追求自由的崇高精神，是世界文学史、思想史上的一部极重要的作品。,弥尔顿
 8.4 ,空荡荡的家,https://book.douban.com/subject/19950784/,"《空荡荡的家》是托宾第二部短篇小说集。托宾以其温柔而独特的敏感，刻画了一系列人物未被言说、潜意识中的渴望。他用爱、孤独和欲望将不同时代的人联系在了一起：从当代爱尔兰，到一九七零年代的西班牙，到十九世纪的英格兰。从一个在陌生的小镇寻求安定的年轻巴基斯坦移民，到那个不情不愿地回到都柏林的爱尔兰女人，托宾笔下的每一个故事包含着整个世界：那是逃离过去、回到家庭的故事，是亲情失而复得的故事。,托宾擅长刻画沉默中的情感，未被承认、难以启齿的亲密关系。《空荡荡的家》再次证明，托宾是“他这一代表现‘爱的复杂与矛盾’最有才华的作家”（《洛杉矶时报》） 。,――――――――――――――――――――――――――――――――――,这些短篇小说都充满着孤独、渴望和遗憾，但作者对叙事有一种钢铁一般的节制，避免人物的悲伤滑向伤感或自怨自艾。托宾的语言看似简单――简单并不是容易，而...,《空荡荡的家》是托宾第二部短篇小说集。托宾以其温柔而独特的敏感，刻画了一系列人物未被言说、潜意识中的渴望。他用爱、孤独和欲望将不同时代的人联系在了一起：从当代爱尔兰，到一九七零年代的西班牙，到十九世纪的英格兰。从一个在陌生的小镇寻求安定的年轻巴基斯坦移民，到那个不情不愿地回到都柏林的爱尔兰女人，托宾笔下的每一个故事包含着整个世界：那是逃离过去、回到家庭的故事，是亲情失而复得的故事。,托宾擅长刻画沉默中的情感，未被承认、难以启齿的亲密关系。《空荡荡的家》再次证明，托宾是“他这一代表现‘爱的复杂与矛盾’最有才华的作家”（《洛杉矶时报》） 。,――――――――――――――――――――――――――――――――――,这些短篇小说都充满着孤独、渴望和遗憾，但作者对叙事有一种钢铁一般的节制，避免人物的悲伤滑向伤感或自怨自艾。托宾的语言看似简单――简单并不是容易，而是相反――而又惊人地准确。他用这种罕见的精确，刻画复杂而挣扎的心灵。,――《观察家报》,这是托宾写得最美、几乎令人心跳停止的一部分创作。其中的短篇小说《街头》，无论是否涉及同性恋题材，都是我们这个时代最好的爱情故事之一。,――爱德蒙?怀特,如同乔伊斯笔下那些都柏林人，我们在《空荡荡的家》中遇到的许多人，也无法逃避从家乡呼啸而来的、凛冽的风。他们重访出生地，体会回归的愉悦，发现记忆与残酷现实之间巨大差异的震惊，但又心知自己远走他乡的所有原因。,――弗朗辛?普罗斯，《纽约时报》",(爱尔兰)科尔姆・托宾
 8.8 ,阿尔伯特・卡埃罗,https://book.douban.com/subject/24856615/,"必须将佩索阿的名字列入生于〔19世纪〕80年代的世界级艺术家这个群体：毕加索、乔伊斯、勃拉克、斯特拉文斯基、赫列勃尼科夫、勒?柯布西埃……,――罗曼?雅各布森（俄国形式主义代表人物）,佩索阿是本世纪最具决定意义的诗人之一 ，如果我们把他看作一种哲学上的可能性的话就尤为如此。 ――阿兰?巴G,我们相信阿尔伯特?卡埃罗是20世纪最伟大的诗人之一。他落寞地生活，无名地死去。在神秘主义者看来，这是导师的特征。,――里卡多?雷耶斯（佩索阿异名之一）,根据研究者统计，佩索阿一生共创造了72个不同的异名。这72个异名承担着不同的职责，活跃程度不尽相同，最主要的异名有三个：阿尔伯特?卡埃罗，阿尔瓦罗?德?冈波斯与里卡多?雷耶斯，他们与本名的费尔南多?佩索阿共同构成了一个书写的“家族”。《阿尔伯特?卡埃罗》所收作品即是佩索阿以这个异名写作的诗歌和散文。,本书中第一部分...,必须将佩索阿的名字列入生于〔19世纪〕80年代的世界级艺术家这个群体：毕加索、乔伊斯、勃拉克、斯特拉文斯基、赫列勃尼科夫、勒?柯布西埃……,――罗曼?雅各布森（俄国形式主义代表人物）,佩索阿是本世纪最具决定意义的诗人之一 ，如果我们把他看作一种哲学上的可能性的话就尤为如此。 ――阿兰?巴G,我们相信阿尔伯特?卡埃罗是20世纪最伟大的诗人之一。他落寞地生活，无名地死去。在神秘主义者看来，这是导师的特征。,――里卡多?雷耶斯（佩索阿异名之一）,根据研究者统计，佩索阿一生共创造了72个不同的异名。这72个异名承担着不同的职责，活跃程度不尽相同，最主要的异名有三个：阿尔伯特?卡埃罗，阿尔瓦罗?德?冈波斯与里卡多?雷耶斯，他们与本名的费尔南多?佩索阿共同构成了一个书写的“家族”。《阿尔伯特?卡埃罗》所收作品即是佩索阿以这个异名写作的诗歌和散文。,本书中第一部分呈现了阿尔伯特?卡埃罗的组诗《守羊人》，这是一部具有奠基性质的作品。组诗共有49首，但实际上可以看成是一首诗，或者一句话：世界是部分，而非整体。以基督一神论为信仰基础的理性精神要求现代人把“自然”作为整体来认识，而不是石头、河流与树木无休无止的相加。而佩索阿认为这种理性阻碍人们正确认识自然。因此，为了重建异教，或者建立新异教，首先要通过消灭绝对理性与拒绝形而上学重现异教的本质。,《恋爱中的牧羊人》，是一组阿尔伯特?卡埃罗诗陷入爱情时的诗作，是恋爱中的阿尔伯特?卡埃罗对待爱情的自然而然的方式。,《未结之诗》，阿尔伯特?卡埃罗的早期诗作，并与其他所有诗作归并在一起出版，这些诗中的最后几首（从（……）号起）是卡埃罗临终之前回到里斯本写出的。由于疾病的侵袭，诗人最后的诗作呈现出某种新奇，无论性质还是方向上，都与作品的总体特征有所区别。,最后还有《断章》、《归属不明的诗》三首，以及散文部分的《阿尔伯特?卡埃罗访谈》及一篇论及诗歌和散文区别的小品。并附有费尔南多?佩索阿大事年谱。",[葡萄牙]费尔南多・佩索阿
 7.7 ,少年维特的烦恼,https://book.douban.com/subject/1047138/,小说的情节十分简单，年轻的维特来到一个小镇，这里的自然风光、淳朴的民风、天真快乐的儿童给予他极大的快乐。一次舞会上他认识了一个叫绿蒂的少女，她的一颦一笑、一举一动都让他倾倒；绿蒂也喜欢他，却不能予以爱的回报，她已与维特好友订婚。维特陷入了尴尬和痛苦，他毅然离开此地，力图从事业上得到解脱，有所成就，然而鄙陋的环境、污浊的人际关系、压抑个性窒息自由的现存秩序，都使他无法忍受，当他怀才不遇地重返绿蒂身边时，发现绿蒂已结婚，决定以死殉情，遂用一支手枪结束了自己的生命。,[德] 歌德
 7.9 ,恋爱中的骗子,https://book.douban.com/subject/6041086/,"《恋爱中的骗子》是理查德・耶茨继《十一种孤独》之后的第二部短篇小说集，共收入七个短篇。它完美地展示了耶茨高人一等的洞察力和描述力。耶茨借由本书再次证明了短篇小说的力量。显然更有兴趣描写“失败人生”的耶茨，凭借他敏锐的心灵与独到的观察角度，仿佛拼贴艺术般，将美国“小人物”及其生活片断立体地展现在我们眼前：失败的艺术家、生活艰难的单身母亲、疏离的亲情、劳燕分飞的婚姻、叛逆的女儿、转瞬即逝的情事、不可靠的梦想……,被遗忘的最优秀的美国作家。,――《泰晤士报》,耶茨悲天悯人的力量和敏锐的观察力使这部作品脱颖而出成一个文学大事件……令人瞩目的成就。,――《独立报》,这是二战后一位伟大却被忽视的美国作家令人难忘却长期被遗忘的作品。,――《新政治家》,耶茨是一位杰出的现实主义作家……让人边阅读边流泪。,――《卫报》",[美] 理查德・耶茨
 8.3 ,抛锚,https://book.douban.com/subject/20559350/,"迪伦马特善于采用悬疑、荒诞的手法讽刺、批判社会现实。《抛锚》从迪伦马特富有艺术特色、极具审美价值的中短篇小说中精选了七篇，既包括享誉世界的《隧道》《狗》《抛锚》等名作，也有首度翻译成中文的杰作《坠亡》《阿布?夏尼法和阿南?本?大卫》《女预言家之死》等。,革命者认为可以通 过政治改变社会，并且相信自己掌握了能改变社会的政治法则。反抗者却认为，人类本身就是一个庞大的怪胎，只有通过对这种怪胎的认识才能对此加以补救。而我的艺术就是这种反抗的一种表达方式。,――弗里德里希・迪伦马特",[瑞士]弗里德里希・迪伦马特
 8.4 ,小妇人,https://book.douban.com/subject/1427288/,"这部小说以家庭生活为描写对象，以家庭成员的感情纠葛为线索，描写了马奇一家的天伦之爱。马奇家的四姐妹中，无论是为了爱情甘于贫困的海格，还是通过自己奋斗成为作家的乔，以及坦然面对死亡的贝思和以扶弱为己任的艾米，虽然她们的理想和命运都不尽相同，但是她们都具有自强自立的共同特点。描写了她们对家庭的眷恋；对爱的忠诚以及对亲情的渴望。,马奇一家有四个姐妹，生活清贫、简单而又温馨。四组妹性格迥异；老大梅格漂亮端庄，有些爱慕虚荣；老二乔自由独立，渴望成为作家，老三贝丝善良羞涩，热爱音乐，老四埃米聪慧活泼，爱好艺术，希望成为一名上流社会的“淑女”。,所有时代的所有少女成长过程中所要面对的经历的，都可以在这本书中找到：初恋的甜蜜和烦恼，感情与理智的译，理想和现实的差距，贫穷与富有的矛盾。,《小妇人》故事情节简单真实，却感人至深，问世一百多年以来，多次被般上银幕，并被译成...,这部小说以家庭生活为描写对象，以家庭成员的感情纠葛为线索，描写了马奇一家的天伦之爱。马奇家的四姐妹中，无论是为了爱情甘于贫困的海格，还是通过自己奋斗成为作家的乔，以及坦然面对死亡的贝思和以扶弱为己任的艾米，虽然她们的理想和命运都不尽相同，但是她们都具有自强自立的共同特点。描写了她们对家庭的眷恋；对爱的忠诚以及对亲情的渴望。,马奇一家有四个姐妹，生活清贫、简单而又温馨。四组妹性格迥异；老大梅格漂亮端庄，有些爱慕虚荣；老二乔自由独立，渴望成为作家，老三贝丝善良羞涩，热爱音乐，老四埃米聪慧活泼，爱好艺术，希望成为一名上流社会的“淑女”。,所有时代的所有少女成长过程中所要面对的经历的，都可以在这本书中找到：初恋的甜蜜和烦恼，感情与理智的译，理想和现实的差距，贫穷与富有的矛盾。,《小妇人》故事情节简单真实，却感人至深，问世一百多年以来，多次被般上银幕，并被译成各种文字，成为世界文学宝库中的经典名作。书中描写的种种情感体验和生活经历，都曾经、正在并将要发生在每一个少女走向成熟的过程之中；书中提倡善良、忠诚、无私、慷慨、尊严、宽容、坚韧、勇敢、亦是人类永远尊崇和追求的美德和信低仰。所有这些，赋予这本书超赵时代和国度的生命力，这也正是她成为不朽的典的魅力和原因所在。",（美）路易莎?梅?奥尔科特
 8.2 ,米沃什词典,https://book.douban.com/subject/1050951/,"“我们这个时代最伟大的诗人之一”、1980诺贝尔文学奖得主切斯瓦夫?米沃什的人生回忆录，呈现20世纪历史文化广阔的精神地图。,1940年6月，29岁的切斯瓦夫・米沃什闯过苏军与德军四道防线，从维尔诺长途跋涉到纳粹占领下的华沙。半个多世纪流亡生涯之后，他才终于重返故乡维尔诺，一座“从童话中长出来的城市”。与自己的过去重逢，他回到一种间接的自我表达方式，开始为各种历史人物事件登记造册，而不是谈论他 自己。,《米沃什词典》就是这样一件替代品。它替代了一部长篇小说，一篇关于整个20世纪的文章，一部回忆录。书中所记的每一个人，都在一个网络中活动，相互阐释，相互依赖，并与20世纪的某些史实相关联。,《米沃什词典》是米沃什亲自经历与见证的20世纪。与他一起到过人间的天堂或地狱的人，几乎都已去了幽灵王国。本书是对那些灵魂的召唤，以文学这一永恒的纪念仪式，换取他们的片...,“我们这个时代最伟大的诗人之一”、1980诺贝尔文学奖得主切斯瓦夫?米沃什的人生回忆录，呈现20世纪历史文化广阔的精神地图。,1940年6月，29岁的切斯瓦夫・米沃什闯过苏军与德军四道防线，从维尔诺长途跋涉到纳粹占领下的华沙。半个多世纪流亡生涯之后，他才终于重返故乡维尔诺，一座“从童话中长出来的城市”。与自己的过去重逢，他回到一种间接的自我表达方式，开始为各种历史人物事件登记造册，而不是谈论他 自己。,《米沃什词典》就是这样一件替代品。它替代了一部长篇小说，一篇关于整个20世纪的文章，一部回忆录。书中所记的每一个人，都在一个网络中活动，相互阐释，相互依赖，并与20世纪的某些史实相关联。,《米沃什词典》是米沃什亲自经历与见证的20世纪。与他一起到过人间的天堂或地狱的人，几乎都已去了幽灵王国。本书是对那些灵魂的召唤，以文学这一永恒的纪念仪式，换取他们的片刻显形。他用词典这一相对客观、抽离、高度浓缩的形式，以平静、卓越的才智，将他的时代丰富层面的体验，浓缩为一个个充满高度智性和深沉情感的词条。",[波兰] 切斯瓦夫・米沃什
 8.3 ,44号孩子,https://book.douban.com/subject/4870150/,"这是一个被宣称没有犯罪的天堂，但生活在“天堂”里的人们却不知道，自己何时就会跌入地狱。里奥，“天堂”最忠诚、勇敢的卫士，为了它，可以奉献自己的生命，为了它，可以奉献别人的生命。然而，在目睹了无辜的人被审讯，自己的妻子受到牵连，甚至一个又一个年幼的生命暴尸荒野，国家却坚决不承认这是犯罪之后，他的信念发生崩塌！他决定不顾一切寻求真相，过程中，他惊讶地发现，真正的危险不是来自谋杀者，而是来自他一心保护的国家……,在这个彼此怀疑、人人自危，随时面临生存危险的残酷世界里，主人公里奥经历了命运的大翻转，迷失的自我慢慢觉醒。因为44号孩子，他看到了他一直忠诚效命的国家的真相；因为44号孩子，他得以窥破他与妻子关系的真相；因为44号孩子，他看到了自己一直不愿正视的与家人关系的真相。,其实救赎，也是自救。",[英] 汤姆・罗伯・史密斯
 8.5 ,帕洛马尔,https://book.douban.com/subject/1870262/,化身为帕洛马尔的卡尔维诺，将他对世界的最后沉思，掩映在叙述中，穿透了人生的全部经验，小说出版一年后，因卡尔维诺溘然长逝而成为绝响，意味深长的是《帕洛马尔》的最后一章完全记叙的是主人公对死亡的沉思默想。,[意大利] 伊塔洛・卡尔维诺
 8.2 ,每个人都死了,https://book.douban.com/subject/3215515/,"《每个人都死了》一书是米基・巴鲁的故事。《每个人都死了》一书是米基・巴鲁的故事。米基・巴鲁是地狱厨房葛洛根酒吧的幕后老板，爱尔兰裔的职业性罪犯，据史卡德描述，他巨大、凶悍，像花岗岩粗凿两下而成的，是活生生的复活岛巨人像。米基・巴鲁是地狱厨房葛洛根酒吧的幕后老板，爱尔兰裔的职业性罪犯，据史卡德描述，他巨大、凶悍，像花岗岩粗凿两下而成的，是活生生的复活岛巨人像。,史卡德和他结识于《刀锋之先》一案中，于是，代表法律的前警员侦探遂和代表反法律的恶徒成为莫逆之交，他们总在葛洛根酒吧坐一整夜，米基喝他十二年的爱尔兰威士忌，为史卡德准备一壶好咖啡，谈到东方既白，再一起到圣本纳德教堂望弥撒。史卡德和他结识于《刀锋之先》一案中，于是，代表法律的前警员侦探遂和代表反法律的恶徒成为莫逆之交，他们总在葛洛根酒吧坐一整夜，米基喝他十二年的爱尔兰威士忌，为史卡德准备一壶好咖啡，...,《每个人都死了》一书是米基・巴鲁的故事。《每个人都死了》一书是米基・巴鲁的故事。米基・巴鲁是地狱厨房葛洛根酒吧的幕后老板，爱尔兰裔的职业性罪犯，据史卡德描述，他巨大、凶悍，像花岗岩粗凿两下而成的，是活生生的复活岛巨人像。米基・巴鲁是地狱厨房葛洛根酒吧的幕后老板，爱尔兰裔的职业性罪犯，据史卡德描述，他巨大、凶悍，像花岗岩粗凿两下而成的，是活生生的复活岛巨人像。,史卡德和他结识于《刀锋之先》一案中，于是，代表法律的前警员侦探遂和代表反法律的恶徒成为莫逆之交，他们总在葛洛根酒吧坐一整夜，米基喝他十二年的爱尔兰威士忌，为史卡德准备一壶好咖啡，谈到东方既白，再一起到圣本纳德教堂望弥撒。史卡德和他结识于《刀锋之先》一案中，于是，代表法律的前警员侦探遂和代表反法律的恶徒成为莫逆之交，他们总在葛洛根酒吧坐一整夜，米基喝他十二年的爱尔兰威士忌，为史卡德准备一壶好咖啡，谈到东方既白，再一起到圣本纳德教堂望弥撒。史卡德和米基的漫漫长夜对话，一直是史卡德系列中最深沉的一幕。史卡德和米基的漫漫长夜对话，一直是史卡德系列中最深沉的一幕。米基在纽约市里市外，拥有不少产业和生意，但他的名字从不出现在正式文件上，他说，“当你不拥有，他们就不容易从你手上拿走。”米基在纽约市里市外，拥有不少产业和生意，但他的名字从不出现在正式文件上，他说，“当你不拥有，他们就不容易从你手上拿走。”,米基是屠夫之后，他保留了父亲遗留给他的屠刀和围裙，屠刀锋利如他父亲执业之时，围裙则溅满昔日的牲畜之血和现在的人们之血，当米基准备动手杀人时，他总会系上这件染血的白围裙。米基是屠夫之后，他保留了父亲遗留给他的屠刀和围裙，屠刀锋利如他父亲执业之时，围裙则溅满昔日的牲畜之血和现在的人们之血，当米基准备动手杀人时，他总会系上这件染血的白围裙。他最骇人听闻的事迹是，他曾手刃一个名为佩迪・法雷利的仇家，用屠刀切下脑袋，装入个保龄球袋之中，并巡行该区所有酒吧，要所有人举杯祝福法雷利身体健康。他最骇人听闻的事迹是，他曾手刃一个名为佩迪・法雷利的仇家，用屠刀切下脑袋，装入个保龄球袋之中，并巡行该区所有酒吧，要所有人举杯祝福法雷利身体健康。",(美)劳伦斯・布洛克
 8.0 ,小城,https://book.douban.com/subject/4105439/,"约翰・布莱尔・克雷顿，一个正在突破边缘的作家；法兰西斯・巴克伦，前警察局长，下届市长候选人的热门人选，一个正在崩溃边缘的中年人；苏珊・波玛伦斯，一个美丽不可方物、品味脱俗的民俗艺术画廊老板，探索她深不可测的情欲世界；莫瑞・温特斯，一个老谋深算的刑案律师，偏好谋杀案，因为证人比较少；杰利・潘科，好不容易才从醉乡挣脱的清洁工，总是黎明即起，打扫这个城市的宿醉……,在9・11悲剧的阴影里，芸芸众生被一条看不见的绳索紧紧束缚。一个平凡的人，摇身变成杀人不眨眼的魔王，用最简单的武器，横眉冷对整个城市。",（美）劳伦斯・布洛克
 8.3 ,未来的序曲,https://book.douban.com/subject/26534892/,"《未来的序曲》是最新最权威的外国科幻选集。雨果奖最佳编辑严选34篇明星代表作，新世纪短篇科幻的饕餮盛宴！2位雨果奖最佳编辑，权威悉心严选。34位幻界新锐之星，代表作品大比拼。汇集目前最热的外国科幻作家，刘宇昆、保罗・巴奇加卢皮、约翰・斯卡尔齐、彼得・瓦茨、科利?多克托罗等等，星光灿烂一网打尽。,如今，科幻已经不再处于边缘地位，它已经是社会文化风貌中根深蒂固的一部分。这本选集中的所有故事都是在这样的背景下创作的。,完成这本书花了很长时间，本要在2010 年完成，在2011 或2012 年出版。但是，等待或许让这本书变得更棒了，因为更让编者有足够的时间好好思考。有理由相信，读者们也一定会在本书中发现许多值得欣赏、沉迷和争论的内容。",(美)刘宇昆，保罗・巴奇加卢皮等 著；(美)戴维・哈特威尔，帕特里克・海登 编
 7.9 ,刀锋之先,https://book.douban.com/subject/1986382/,"史卡德受到委ふ乙已失三星期的女孩，案情毫oM展，@女孩就像空庖拥南失o；同r戒酒f的朋友艾迪，在M腹心事聿患罢f出口的r下，被史卡德lF吊死在住。,「她愍往，可是不常待在她的套房公寓Y。她@N寂寞能去哪海克去公@，跟子f幔俊,史卡德受到委ふ乙已失三星期的女孩，案情毫oM展，@女孩就像空庖拥南失o；同r戒酒f的朋友艾迪，在M腹心事聿患罢f出口的r下，被史卡德lF吊死在住。,她到哪e去？他有什N与y以X的心事？史卡德能蜕隙嗌倜Γ,什N事情都可能l生，只能期待Y果不是太摹",劳伦斯・布洛克
 8.1 ,D^e的\,https://book.douban.com/subject/1775046/,,Lawrence Block
 8.6 ,蝙蝠b的褪,https://book.douban.com/subject/3052826/,"《蝙蝠b的褪帧芳Y了十篇R修．史卡德的短篇探案，闹校你可以回味《酒店PT之後》的故事源^，可以回到《刀h之先》拉自17痈下的F觯有他和老L官R哈菲理一杜e自⒁馔獾牟迩，以及其他各色各樱揭_R修．史卡德序幕的原c，是一本M入史卡德、重厥房ǖ碌淖罴堰x瘛,「我喜g透^R修．史卡德的眼睛砜催@世界，喜g通^R修．史卡德的感受碚f@世界。」,──斯?卜洛克,■本目,窗外,o袋D的一支T,黎明的第一道曙光,蝙蝠b的褪,慈悲的死亡天使,夜晚c音,ふ掖笮l,艋门萦,一r糊T,立於不≈地","斯・卜洛克,Lawrence Block"
 6.9 ,谭纳的两只老虎,https://book.douban.com/subject/20394511/,"《谭纳的两只老虎》内容简介：伊凡?麦可?谭纳是世界上形形色色隐秘组织的积极拥护者。朝鲜战场上的一枚碎弹片损坏了他的睡眠中枢，使他再也不用睡觉。谭纳喜欢追求无望的理想和女人，拥有超群的语言天赋和特殊的人脉，这使他成为极机密危险任务的不二人选。,谭纳总是会碰上新鲜事，好在他有大把时间去一一加以探索。这一次他只不过想带他的小女孩米娜――立陶宛逊位皇室的惟一后裔――去参观蒙特利尔的世界博览会，却卷入一连串的阴谋和恐怖计划中。加拿大皇家骑警、魁北克独立组织、古巴恐怖分子乃至不知名的美国情报机构都在找他的麻烦，更要命的是，他不仅参与策划了史上最大胆、最卑劣的刺杀行动，而且不得不在最短的时间内，亲手阻止它的发生……",(美)劳伦斯・布洛克
 7.1 ,梅开二度,https://book.douban.com/subject/21778492/,"奇普?哈里森回来了，回到了12月寒冷的纽约街头，依旧是乳臭未干，不名一文，身边没有女孩陪伴。他捡到一张“灰狗”车票，一张能兑成25美元现金的车票，不过他决定用这张车票到南卡罗莱纳试试运气。于是他发现自己来到了博登敦，在这个只有一条大街的镇子上他麻烦不断，历经一番努力终于征服了当地警长成了他的得意门生，找了一份妓院保镖的差事，还与牧师的女儿坠入爱河……命运仿佛在同他开玩笑，耗尽他的耐心和欲望之后才突然让快乐降临。此书讲述的就是这样一场追寻欢乐的探险，于险象环生里爆发出一个男孩的人生喜剧。,“不是说她们没有吸引力。她们已经够漂亮了，却是那种没任何意义的漂亮。我能想到解释这点的最好方式就是，你可以坐下来和她们聊上一小时左右，然后你离开屋子的时候，如果要想记住她们长什么样子，你会觉得有点困难。我想对一个妓女来说，这点倒是对她们有利的。我不知道。,不过问题是，...,奇普?哈里森回来了，回到了12月寒冷的纽约街头，依旧是乳臭未干，不名一文，身边没有女孩陪伴。他捡到一张“灰狗”车票，一张能兑成25美元现金的车票，不过他决定用这张车票到南卡罗莱纳试试运气。于是他发现自己来到了博登敦，在这个只有一条大街的镇子上他麻烦不断，历经一番努力终于征服了当地警长成了他的得意门生，找了一份妓院保镖的差事，还与牧师的女儿坠入爱河……命运仿佛在同他开玩笑，耗尽他的耐心和欲望之后才突然让快乐降临。此书讲述的就是这样一场追寻欢乐的探险，于险象环生里爆发出一个男孩的人生喜剧。,“不是说她们没有吸引力。她们已经够漂亮了，却是那种没任何意义的漂亮。我能想到解释这点的最好方式就是，你可以坐下来和她们聊上一小时左右，然后你离开屋子的时候，如果要想记住她们长什么样子，你会觉得有点困难。我想对一个妓女来说，这点倒是对她们有利的。我不知道。,不过问题是，玛丽?贝思，就是想要我车票的那个，已经让我总的来说对妓女没有什么想法了，跟有着诱人身材的妓女一起嬉戏的任何幻想再不能吸引我了。而且即使她们有什么想法，天哪，我每天晚上坐在那儿，这些姑娘们和男人们上楼，完事之后下来，打着哈欠，还拿刚才的事儿开玩笑。在很多方面，我都很喜欢她们，尤其是对克劳琳。她们两个人的大脑加起来，也抵不上一个相当聪明的女孩子的智商，但我就是喜欢她们。”",(美)劳伦斯・布洛克
 7.2 ,首开纪录,https://book.douban.com/subject/21778147/,"这是一部无侦探、无谋杀、无流血的悬疑小说。在十七岁的奇普?哈里森眼中，人生当务之急就是摆脱自己处男的窘境。这种紧迫感让他坦然直面父母双亡的悲惨境遇，孤身一人闯荡芝加哥，天真而大胆地寻找那个他命中注定要泡到的妞。他的经历如同一场跌宕起伏的棒球赛，充满得分的诱惑但又总是在关键时刻与之失之交臂。他在一次次尴尬搞笑的尝试中体验着心惊肉跳的致命。,“我挨着她坐在床上。这听上去比实际情况要性感得多。因为我俩并排坐在床沿上，就像并排坐在一张长椅上一样，在看着一场棒球赛，看在老天份上。这其实很不舒服。,别这样，我对自己说。（还记得我刚才说的自言自语的好处吗。）别这样，做点什么。至少说点什么。像个男人。主动出击。行动。,“你真美，”我说。,“噢，别来这一套。”,“不，我是说真的。你是很美。”,“哦，当然，”她说，但她的眼睛和嘴角流露出别的意思。她抬起一只手拨了拨头发。...,这是一部无侦探、无谋杀、无流血的悬疑小说。在十七岁的奇普?哈里森眼中，人生当务之急就是摆脱自己处男的窘境。这种紧迫感让他坦然直面父母双亡的悲惨境遇，孤身一人闯荡芝加哥，天真而大胆地寻找那个他命中注定要泡到的妞。他的经历如同一场跌宕起伏的棒球赛，充满得分的诱惑但又总是在关键时刻与之失之交臂。他在一次次尴尬搞笑的尝试中体验着心惊肉跳的致命。,“我挨着她坐在床上。这听上去比实际情况要性感得多。因为我俩并排坐在床沿上，就像并排坐在一张长椅上一样，在看着一场棒球赛，看在老天份上。这其实很不舒服。,别这样，我对自己说。（还记得我刚才说的自言自语的好处吗。）别这样，做点什么。至少说点什么。像个男人。主动出击。行动。,“你真美，”我说。,“噢，别来这一套。”,“不，我是说真的。你是很美。”,“哦，当然，”她说，但她的眼睛和嘴角流露出别的意思。她抬起一只手拨了拨头发。她的头发是柔和的红棕色，就是橡树叶子从树上掉下前的颜色。我伸出手去碰她的头发，她摇了摇头，我立刻把手拿开。这一来一去之间我确实碰到了她的头发。它就像看上去的那么柔软。”",(美)劳伦斯・布洛克
 7.5 ,胡适晚年身影,https://book.douban.com/subject/25851826/,"台湾中央研究院胡适纪念馆从其馆藏中挑选了二百余张关于胡适的照片，通过影像、文字相互编排，以此成为《胡适晚年身影》一书，向读者呈现，中国近代史上不可忽略的人物之一，胡适的丰富多彩的一生。但是因馆藏照片以1949年以后居多，因此本书更侧重展示胡适晚年的生活。本书共分四章，分别是胡适的“早年掠影”、“羁旅海外”、“归根台湾”、“亲友故旧”,分阶段展现了胡适的生平。胡适，作为五四新文化运动的启蒙者之一，其一生在传统和现代之间寻求徘徊，在政治和学术之间奔走辗转，透过这些泛着时代光影的旧照片，宛如在光影文字中温故着中国近代史的挣扎与奋进，复杂与温情。","杨翠华,庞桂芬"
 8.2 ,介绍我自己的思想,https://book.douban.com/subject/24748616/,,
 8.9 ,胡适全集（共44卷）,https://book.douban.com/subject/1170591/,"这是一套胡适著译全集。除包含曾发表、出版的胡适的论著、创作、书信、日记、译文以及用英文写作的文章外，还辑录多种未刊稿。共计42卷，后附胡适生平年表、胡适著译系年两卷。既有研究胡适的文献价值，又有独一无二的欣赏价值，是文学爱好者不可多得的收藏珍品！ ,全书用现代规范简体字横排。个别用简体字可能妨碍文章表达处，仍用繁体字。",胡适
 8.4 ,舍我其谁：胡适（第二部）,https://book.douban.com/subject/25382842/,"1.学界公认最权威最翔实的胡适传记,2.哈佛博士江勇振首次全景式再现“多面胡适”的巅峰十年（1917～1927）,3.“吾辈已返，尔等且拭目以待！”――胡适,4.纠正周策纵、唐德刚、林毓生、周质平、罗志田等名家旧说,1917―1927年是青年胡适名满天下、如日中天的巅峰十年。他引爆五四新文化运动，引领公众舆论，参与思想、政治论争，争夺文化霸权，时刻站在时代的风口浪尖。短短十年，青年胡适一跃成为“20世纪中国第一公共知识分子”、“中国自由主义的先驱”。,本书大量征引第一手材料，跳出胡适研究窠臼，纠正周策纵、唐德刚、林毓生、周质平、罗志田等名家旧说，还原一个有血有肉的“多面胡适”――,他如何借助北大推广白话文？,如何取代梁启超成为文化界大佬？,如何与陈独秀分道扬镳？,如何操纵媒体，塑造自己的“公知”形象？,如何挪用、误用、滥用杜威、赫胥黎、易卜生？,如何...,1.学界公认最权威最翔实的胡适传记,2.哈佛博士江勇振首次全景式再现“多面胡适”的巅峰十年（1917～1927）,3.“吾辈已返，尔等且拭目以待！”――胡适,4.纠正周策纵、唐德刚、林毓生、周质平、罗志田等名家旧说,1917―1927年是青年胡适名满天下、如日中天的巅峰十年。他引爆五四新文化运动，引领公众舆论，参与思想、政治论争，争夺文化霸权，时刻站在时代的风口浪尖。短短十年，青年胡适一跃成为“20世纪中国第一公共知识分子”、“中国自由主义的先驱”。,本书大量征引第一手材料，跳出胡适研究窠臼，纠正周策纵、唐德刚、林毓生、周质平、罗志田等名家旧说，还原一个有血有肉的“多面胡适”――,他如何借助北大推广白话文？,如何取代梁启超成为文化界大佬？,如何与陈独秀分道扬镳？,如何操纵媒体，塑造自己的“公知”形象？,如何挪用、误用、滥用杜威、赫胥黎、易卜生？,如何一度倡导法西斯主义？,如何提倡“好人应该当官”？,他到底是一个什么样的自由主义者？,如何努力赚钱，成为民国版税第一人？,如何及时行乐，周旋于众情人之间？,如何热衷暴露个人身体隐私？,如何成为一个处世圆通、人见人爱的社交明星？",江勇振
 9.0 ,光焰不熄,https://book.douban.com/subject/10877038/,在中国现代思想史上，胡适作为新文化运动的一面旗帜，占有不可动摇的领袖地位。20世纪上半叶，胡适与鲁迅、冯友兰、林语堂、吴稚晖、赵元任、梁漱溟、钱玄同等学人，在学术路径的取舍上产生了前所未有的碰撞与融合，为新文化运动开拓了广阔的学术领域。胡适作为当时“暴得大名”的学者，他的政治思想、学术观点与鲁迅、冯友兰、梁漱溟等人究竟有哪些异同，一直是学界普遍关注但至今未有定论的问题。周质平先生任教于普林斯顿大学东亚系，多年来致力于胡适思想的研究及胡适著述的整理工作，是海内外公认的研究胡适的权威学者。在本书中，作者通过考证相关史料，对以上问题提出了自己的观点，对于现代中国背景下的胡适思想进行了深刻的阐述与总结。,周质平
 8.3 ,四十自述,https://book.douban.com/subject/1593586/,"自序,,序幕 我的母亲的订婚 ,,一、九年的家乡教育,,二、从拜神到无神,,三、在上海（一）,,四、在上海（二）,,五、我怎样到外国去,,附录 逼上梁山―文学革命的开始",胡适
 8.6 ,再造文明的尝试,https://book.douban.com/subject/1808679/,"本书要研究的是胡适。这位二十多岁就暴得大名的人物，从青年起就一生都是新闻媒体注意的对象，也是学术界一个久有争议而很难处理的题目：前些年是贬多于褒，近几年则褒多于贬。而本书要做的就是帮助读者更好地去了解这个饱受争议的人物――一个1891-1929年间的胡适。,新文化运动时期，胡适以一个没有什么身世凭借的二十多岁的青年，回国两年间，即“暴得大名”，一举成为士林之首，真是中国近代史上绝无仅有之事。这个极有意思的事例，几十年来吸引了无数学者。故此，有人曾说，胡适的“暴得大名”，就是因为“中国思想界有一段空白而恰好被他填上了”。而今，这个人物已经远离我们数十年，但是关于他的争论却从未停止，胡适，到底是一个怎样的人……",罗志田
 9.5 ,胡适文集,https://book.douban.com/subject/24878449/,"胡适是二十世纪中国最具国际声誉的学者、思想家和教育家之一。他在文、史、哲等领域取得了巨大的成就，是""五四""以来影响中国文化学术最深的历史人物。他活跃于社会政治领域，是中国自由主义最具诠释力的思想家。北京大学出版社在校庆100周年的1998年曾隆重推出《胡适文集》（12册），对所收作品均作了文字订正和校刊，其中有一部分作品，采用了胡适本人的校订本或北大的收藏本，具有很高的文献价值。,此次重印，修订工作本着整理如旧的原则，尽量依照原作最初发表的原始面貌进行整理。为确保质量，几乎将《胡适文集》所收作品重新与原始出处做了一次核校。力求呈现最接近大师本人原意的文字面貌。",胡适
 8.5 ,胡适留学日记,https://book.douban.com/subject/1547329/,"胡适先生写日记之勤，令人钦佩。早期的留学日记，多是流水账，很短，只有两三句，但由于其无与伦比的连续性，读者读之，并不觉得枯燥。海外留学，读书、忧国、思乡成为胡适先生日记的三大主题，现在读之，依然能够感受到作者情之真，意之切。其中关于读书，日记中提到的最多，日记中经常提到当日看了什么书，以及零星的一些感想。,    后来胡适先生的日记主要是札记的形式，胡适先生将这种札记作为思想的草稿，从中可以看到胡适先生思想形成的轨迹。其中还有许多胡适先生的英文演讲稿，中英文对照，实为学习英语的好材料。我曾在电视上看到过胡适先生用英语演讲的录像。由于历史悠久，图像与声音都很模糊，所以感觉有点滑稽。,    胡适先生酷爱写日记的原因，他从自己经验里得到一个道理：Expression is the most effective means of appropriating...,胡适先生写日记之勤，令人钦佩。早期的留学日记，多是流水账，很短，只有两三句，但由于其无与伦比的连续性，读者读之，并不觉得枯燥。海外留学，读书、忧国、思乡成为胡适先生日记的三大主题，现在读之，依然能够感受到作者情之真，意之切。其中关于读书，日记中提到的最多，日记中经常提到当日看了什么书，以及零星的一些感想。,    后来胡适先生的日记主要是札记的形式，胡适先生将这种札记作为思想的草稿，从中可以看到胡适先生思想形成的轨迹。其中还有许多胡适先生的英文演讲稿，中英文对照，实为学习英语的好材料。我曾在电视上看到过胡适先生用英语演讲的录像。由于历史悠久，图像与声音都很模糊，所以感觉有点滑稽。,    胡适先生酷爱写日记的原因，他从自己经验里得到一个道理：Expression is the most effective means of appropriating impressions. 译成中国话就是：要是你所得印象变成你自己的，最有效的法子是记录或表现成文章。胡适先生认为这种工作是求知识学问的一种帮助，也是思想的一种帮助。",胡适
 8.5 ,胡适杂忆,https://book.douban.com/subject/1418650/,"本书原是作者在撰写《胡适口述自传》时，打算自写的一篇短序，不料下笔即几十万言，结果“头”大不掉，只好印成专书，独立出版。,唐德刚先生凭自己的回忆和日记上的记录，对胡适一生牵惹到的无数问题与纠葛，几乎无所不谈，谈无不快。但又不止于回忆，他畅谈历史、政治、哲学、文学以及其他一切胡适关注的学问，可见作者才气纵横，博学多智，加上他古文根底深厚，天性诙谐，故落笔气势纵横，妙趣横生。,唐德刚将胡适写得生龙活虎，但又不是公式般装饰什么英雄超人。他笔下的胡适只是一个有血有肉、有智慧、有天才也有错误和缺点的真实人物。,读了唐德刚笔下的胡适，你可以和他握手寒暄，笑语谈辨，不知夜之将尽，人之将老。",唐德刚
 8.5 ,胡适之先生晚年谈话录,https://book.douban.com/subject/1937955/,这本书收录了胡适之先生晚年的言谈。胡颂平先生在他随侍胡适之先生的岁月里，把胡适之先生的一言一行都记录下来，除了编入《年谱长编》的以外，都收入这本书里。胡适之先生学识渊博，见闻广阔，他们谈话的内容，小到一个字的读音，一首诗词的字句，大到国际局势的演变，社会背景的探索，无所不包。或茶余饭后，娓娓道来，逸趣横生；或有感而发，意气飞扬，跃然纸上。不仅呈示了胡适之先生幽默风趣的谈吐，忧国忧民的情怀，更足以代表他晚年的智慧。,胡颂平
 8.4 ,胡适口述自传,https://book.douban.com/subject/1418648/,"一般人对口述自传的了解，大抵是从唐德刚这部《胡适口述自传》开始的。这是唐德刚根据美国哥伦比亚大学“中国口述历史学部”所公布的胡适口述回忆十六次正式录音的英文稿，和唐德刚所保存并经过胡氏手订的残稿，对照参考，综合译出的。这也是唐德刚在哥伦比亚大学与胡适亲身交往、提着录音机完成的一项傲人的“口述史传工程”。,在这里，胡适重点对自己的一生的学术作总结评价，而这评价反映出胡氏晚年的思想与他中少年期的思想简直没有什么出入。唐德刚将其英文口述译为中文后所作的注释评论，却是不可不读的好文章。这本书“传”与“注”已成为不可分割的整体，就学术价值和史料价值而言，注释部分的分量，恐怕还在传文之上。1970年代，海外史学界盛称《胡适口述自传》：“先看德刚，后看胡适。”","胡适 口述,唐德刚 译注"
 8.3 ,我们能做什么,https://book.douban.com/subject/25911858/,"★	人生中不可不读的书：熊培云曾经说过：“错过了胡适，中国错过了100年！”对当下的年轻人来说，错过了胡适，人生就可能多走很多弯路！你可以不读经、不读史、不学国学，但你绝不能不读胡适！,★	最适合青年学生阅读的胡适读本：胡适文章浩如烟海，如何才能找到最适合当下年轻人阅读 的篇目？“胡适文学精选系列”囊括胡适脍炙人口的名篇，侧重青年人关心的思想境界、人生感悟和生活经验等问题，堪称最适合青年学生阅读的胡适读本！《我们能做什么》是“胡适文学精选系列”继《容忍比自由更重要》《人生有何意义》之后第三本。,★	最能解决现实问题的胡适读本：本书中，胡适希望以科学理论和人文传统，将国人变为有常态人生的、精神充实的现代人，告诉你如何才能做到“一个人一生中最神圣的行为”，并与读者真诚分享：当人生陷入苦闷时，我们能做什么？,(正在采用) (你提供的)",胡适
 9.0 ,容忍与自由,https://book.douban.com/subject/6558202/,为纪念胡适先生诞辰120周年，胡适先生所著《容忍与自由：胡适读本》，由台湾胡适纪念馆主任潘光哲先生重新编辑。《容忍与自由：胡适读本》选取在当时即引起很大反响的十九篇文章，并分为三卷。第一卷，我们需要什么样的文明，选录了胡适对于思想文化和学术教育领域之思考。第二卷，我们需要什么样的自由，选录了胡适关于自由民主的文献。第三卷，我们需要什么样的社会，选录了胡适思想如何推动社会改革的文献。《容忍与自由：胡适读本》不在高深的理论，而在对大众普及胡适先生改造社会的重要思想，《容忍与自由:胡适读本》配以大量珍贵图片、历史背景、延伸阅读等材料，最大限度地还原胡适先生思想精华，以当年文章回应当今时代主题。,"胡适 著,潘光哲 编"
 8.9 ,芭巴拉少校,https://book.douban.com/subject/1026916/,《芭巴拉少校》(英汉对照)是萧伯纳戏剧中颇为精彩的一部，典型地反映出萧伯纳戏剧的艺术特色：幽默和讽刺。他特别喜欢运用的手法是，使剧中人物发出似非而是的妙论，不仅使人笑，使人啼，而且促人深省。,萧伯纳(英)
 8.6 ,木麻黄树,https://book.douban.com/subject/10473355/,"《木麻黄树》是英国“最伟大的短篇小说家”、“故事圣手”毛姆的一部短篇小说的代表作，收录了他最出色的六个短篇。这些小说篇幅大致相当，介于中篇和短篇之间，并都以马来亚、婆罗洲为背景，生动地描写了一些西方人（大多数是英国人）在远东殖民地的经历，特别描写了他们在与原来所处的西方文明世界隔绝之后，在精神上受到的种种折磨。“木麻黄树”本来是一种在热带的沼泽和岸边疯长的植物，当毛姆发现当地人将其视作一种不祥的征兆后，遂决定取之以为他这本专写东南亚背景的短篇小说集最恰切的书名。在殖民地的大背景下，每一段悲惨人生经历的背后，无论是害人者还是受害者，可以说最后都是受害者，没有一个是胜利者。文化差异、冲突、孤独、恐惧、犯罪，是这六个短篇的关键词。评论家西利尔?康诺利将这本短篇小说集列为“现代主义运动百部经典”之一，认为它“为我们准确地描绘了英国人在远东的生存状况，这是以前...,《木麻黄树》是英国“最伟大的短篇小说家”、“故事圣手”毛姆的一部短篇小说的代表作，收录了他最出色的六个短篇。这些小说篇幅大致相当，介于中篇和短篇之间，并都以马来亚、婆罗洲为背景，生动地描写了一些西方人（大多数是英国人）在远东殖民地的经历，特别描写了他们在与原来所处的西方文明世界隔绝之后，在精神上受到的种种折磨。“木麻黄树”本来是一种在热带的沼泽和岸边疯长的植物，当毛姆发现当地人将其视作一种不祥的征兆后，遂决定取之以为他这本专写东南亚背景的短篇小说集最恰切的书名。在殖民地的大背景下，每一段悲惨人生经历的背后，无论是害人者还是受害者，可以说最后都是受害者，没有一个是胜利者。文化差异、冲突、孤独、恐惧、犯罪，是这六个短篇的关键词。评论家西利尔?康诺利将这本短篇小说集列为“现代主义运动百部经典”之一，认为它“为我们准确地描绘了英国人在远东的生存状况，这是以前从来没有人写过的”，小说家哈特利更认为这是一部近乎完美的作品，它具有“强大的叙事能力和独特的戏剧效果”，它“深刻地揭露了人物内心动机中更卑鄙的一面，而且分析透辟”。时至今日，《木麻黄树》仍被誉为毛姆最优秀的短篇小说集之一，这六个短篇已经成为短篇小说这一文学体裁的范本。",[英] 毛姆
  ,重启人,https://book.douban.com/subject/26777044/,"五年前，十二岁的女孩瑞恩・康纳利胸口中了三枪；178分钟后，她在太平间醒来，成为一个重启人，代号一七八。由于她是死亡时间最长的人，所以也是HARC机构里速度、力量、自愈力最强的。她执行任务效率惊人，冷酷无情。,当瑞恩十七岁的时候，她遇到了男孩卡伦・雷耶斯，代号二十二，是全队最弱小、最接近人类的重启人，他对任何事物都有着自己的看法，并不被他人所左右，是个身体脆弱但精神顽强的人。,瑞恩在试图将卡伦训练成杀人机器的同时，慢慢被卡伦身上丰沛而纯净的人性感染，两个本不该相爱的人却对彼此产生了深深的感情。,可是组织对瑞恩下达了命令，如果卡伦无法达到合格士兵的标准，瑞恩就必须亲手处死他。要想继续生存下去，瑞恩势必面临重重抉择，权衡生命、自由与爱，究竟该如何选择？",【美】艾米?亭特拉
 9.2 ,伊凡・伊里奇的死,https://book.douban.com/subject/2266567/,《伊凡?伊里奇之死》是托尔斯泰晚年（1886）一部重要的代表作。作品一经发表就引起强烈反响，法国作家莫泊桑深深为之折服，曾经感叹说：“我看到，我的全部创作活动都算不上什么，我的整整十卷作品分文不值。”,(俄)列夫・托尔斯泰
 7.5 ,我所有的朋友都死了,https://book.douban.com/subject/24736805/,"你曾经在郁闷时翻遍手机通讯录，却找不到一个人倾诉吗？,你是微博红人，粉丝无数，但是一个粉丝都没有见过面吗？,这本书告诉你，你还有一大群同病相怜的朋友！一棵树、一只鸡，甚至一瓶牛奶，都有和你一样的孤独感受――没有朋友。所有人都有过这样沮丧的时刻吧。在你孤独的时候，没有朋友，至少还有嘲笑自己孤独的自由。,史上最萌最虐心的超人气时尚小绘本！,高踞亚马逊畅销榜，,传说中最有趣最发人深思的绘本，网络铁粉狂热推荐，,风靡北美和欧洲，销量突破10万册，,国外各大潮人店热卖单品！,可爱的小悲伤，黑色幽默的风格，即时击中你深藏于心，无法说出的孤独和寂寞！","艾弗里・蒙森,乔里・约翰"
 8.2 ,恋情的终结,https://book.douban.com/subject/3266349/,"二战期间的英国伦敦，作家莫进而斯和公务员的妻子萨拉，一对婚外恋人，被飞来的炮弹中断的了恋情，它击昏了莫里斯，也激活了萨拉心中潜在的天主教信仰。萨拉向天主祷告：要以远离情人的方式来远离罪愆，以此保全莫里斯的性命。萨拉不辞而别，莫里斯不知就里，妒恨交加地度过了两年。因怀疑她另有新欢，莫里斯请私人侦探调查，结果从萨拉的日记中得知她一直爱他，只是出于对天主的许诺和敬畏才离开他。追悔之余，他提出要和萨拉私奔，开始新生活。此时萨拉已最终皈依天主教，没有答应他，并在不久后患病去世。天主从莫里斯身边夺走了萨拉，莫里斯怀复杂而抗拒的心情面对萨拉死后她的祷告一一应验的事实。,《恋情的终结》是英国作家格雷厄姆・格林最具自传性质的小说。嫉妒的情人，无能的丈夫，捉摸不定的妻子，这样的三角关系看起来似乎颇为老套，但与一般的爱情小说不同，这部小说并非仅仅讲述红尘中的男女之情，而是...,二战期间的英国伦敦，作家莫进而斯和公务员的妻子萨拉，一对婚外恋人，被飞来的炮弹中断的了恋情，它击昏了莫里斯，也激活了萨拉心中潜在的天主教信仰。萨拉向天主祷告：要以远离情人的方式来远离罪愆，以此保全莫里斯的性命。萨拉不辞而别，莫里斯不知就里，妒恨交加地度过了两年。因怀疑她另有新欢，莫里斯请私人侦探调查，结果从萨拉的日记中得知她一直爱他，只是出于对天主的许诺和敬畏才离开他。追悔之余，他提出要和萨拉私奔，开始新生活。此时萨拉已最终皈依天主教，没有答应他，并在不久后患病去世。天主从莫里斯身边夺走了萨拉，莫里斯怀复杂而抗拒的心情面对萨拉死后她的祷告一一应验的事实。,《恋情的终结》是英国作家格雷厄姆・格林最具自传性质的小说。嫉妒的情人，无能的丈夫，捉摸不定的妻子，这样的三角关系看起来似乎颇为老套，但与一般的爱情小说不同，这部小说并非仅仅讲述红尘中的男女之情，而是在本德里克斯跟踪萨拉的过程中，探讨爱自己、爱他人和爱信仰这三种单纯而基本的感情。",(英)格雷厄姆・格林
 8.2 ,爱，始于冬季,https://book.douban.com/subject/6003394/,"《爱，始于冬季》中的人物都站在放弃的边缘――他们沉浸在永远无法成真的梦想，怀念那些早已从他们生活中消失的人――范?布伊笔下的人物游走在这些凄美故事中的街头，直到邂逅陌生人。于是这些失落的灵魂突然就要面对生活的责任，而过去，他们曾以为生活没有他们仍会继续。,这部短篇小说集的第一个故事《爱，始于冬季》中，世界著名大提琴家布鲁诺?伯奈特，是一个只生活在音乐中的人，他周游世界，通过演奏把音乐艺术带给各地的人。然而在个人生活中，布鲁诺是一个落魄者，他没有希望地活着，不与社会接触，无法维持和别人的关系――他是陷入过往的囚徒。然而，数十年的孤寂在他于酒店偶遇汉娜之后发生了改变。当他们的生活交织，彼此的秘密呈现，他们开始了共同的旅程，相信爱，将带他们度过生命的冬季。",[英] 西蒙・范・布伊
 8.6 ,国王鞠躬，国王杀人,https://book.douban.com/subject/5299919/,《国王鞠躬，国王杀人》是一部散文集，寓意丰富。作者运用“少数民族语言的独到性”，讲述了她在秘密警察的监督下，颠沛流离的灰暗生活。她在极权统治扭曲语言的现状下，选择以冷峻、超现实的诗性语言，表达对现实环境的不安全感。,[德] 赫塔・米勒
 8.7 ,奥斯卡・王尔德传,https://book.douban.com/subject/25986499/,"关于王尔德的一切都是不同寻常的。在这位十九世纪最令人眼花缭乱，最迷人，也是最离谱的文人身上，我们时代最伟大的传记作家之一理查德?艾尔曼找到了自己最引人瞩目的主角。这部书籍让人们产生了情绪上的共鸣，书中充满真实的风格和对话，其评论性阐述含义微妙，让传主的肖像就此获得耀眼的生命力。,立足于丰富的史实，其中很多资料还是初次问世，又依靠在《莎乐美》、《道林?格雷的画像》、《不可儿戏》和其他作品中发现的传主新面目――艾尔曼揭示了一个更甚于传统形象的王尔德，更伟大也更感人，这个王尔德不但是十九世纪八十年代和九十年代的化身，甚至在今天，他也能以那种撩人的才智挑战我们的假设。这部书籍是传记作家之艺术的巅峰，通过它，以其独特且完整的形象，王尔德又回到了我们当中。",[美] 理查德・艾尔曼
 8.7 ,契诃夫短篇小说选,https://book.douban.com/subject/1083435/,"契诃夫的显著特色是他能够从最平常的现象中揭示生活本质。他高度淡化情节，只是截取平凡的日常生活片段，凭借精巧的艺术细节对生活和人物作真实描绘和刻画，从中展现重要的社会现象。但他不陷入日常生活的“泥沼”，恰恰相反，他的深刻的现实主义形象常常升华为富有哲理的象征。在展示人物内心世界方面，契诃夫不重于细致交待人物的心理活动过程，只求从人物的行为举止中看出其内心活动和变化。契诃夫具有高超的抒情艺术才能，善于找准适当的时机和场合，巧妙而多样地流露他对觉醒者的同情及赞扬，对堕落者的否定和厌恶，对美好未来的向往，以及对丑恶现实的抨击，而且浓郁的抒情意味常以“客观”而含蓄的叙述笔法为载体。契诃夫是一个有强烈幽默感的作家，在他的小说中，基于所描绘的人物和事件的性质各异，他巧妙地发出有着微细不同的感情色彩的笑声，淡淡的幽默往往与辛辣的讽刺相交织。契诃夫的小说紧凑精练，言简...,契诃夫的显著特色是他能够从最平常的现象中揭示生活本质。他高度淡化情节，只是截取平凡的日常生活片段，凭借精巧的艺术细节对生活和人物作真实描绘和刻画，从中展现重要的社会现象。但他不陷入日常生活的“泥沼”，恰恰相反，他的深刻的现实主义形象常常升华为富有哲理的象征。在展示人物内心世界方面，契诃夫不重于细致交待人物的心理活动过程，只求从人物的行为举止中看出其内心活动和变化。契诃夫具有高超的抒情艺术才能，善于找准适当的时机和场合，巧妙而多样地流露他对觉醒者的同情及赞扬，对堕落者的否定和厌恶，对美好未来的向往，以及对丑恶现实的抨击，而且浓郁的抒情意味常以“客观”而含蓄的叙述笔法为载体。契诃夫是一个有强烈幽默感的作家，在他的小说中，基于所描绘的人物和事件的性质各异，他巧妙地发出有着微细不同的感情色彩的笑声，淡淡的幽默往往与辛辣的讽刺相交织。契诃夫的小说紧凑精练，言简意赅，给读者以独立思考的余地。  ,　　无论是作为一个作家，还是作为一个历史人物，契诃夫的成长和发展道路都具有深刻的教育意义，他的作品的社会一艺术价值是永远不可磨灭的。  ,　　契诃夫是人民的作家，他的优秀作品是人民的宝贵财富。",契诃夫
 8.3 ,两个故事,https://book.douban.com/subject/26390071/,《两个故事》是奥地利大作家穆齐尔生前出版的一个单行本小说集。如今首度在中国出版发行。小说集包括两篇中篇小说，分别是《爱情的完成》和《对平静的薇罗妮卡的诱惑》。《两个故事》由著名德语文学翻译家、穆齐尔研究者张荣昌教授翻译。,[奥地利] 罗伯特・穆齐尔
 8.1 ,夜色温柔,https://book.douban.com/subject/5406557/,"菲茨杰拉德最呕心沥血的自传体长篇小说,现代文库评选的二十世纪最伟大的百部英语作品之一,女电影演员露丝玛利在戛纳海滩上遇见了主人公狄克・戴弗，一位精神病医生。他妻子妮珂是他过去的病人，患有精神分裂症。他温文尔雅，待人彬彬有礼，露丝玛利很快就迷上了他。尽管她一再对他表明心迹，狄克却始终不为所动。回巴黎后，他对妻子妮珂的忠诚看似没有动摇，事实上却情不自禁地被露丝玛利吸引。为摆脱对露丝玛利的幻想，狄克开始撰写专著，对复发癔症、精神状态仍不稳定的妮珂尽可能温柔体贴。在阿尔卑斯山度假期间，他遇到昔日好友佛朗兹，并用妻子可观财产中的一部分与他合伙办了一家诊所。此时，妮珂收到一封指责狄克与病人通奸的信，病情加剧，在郊游中故意撞毁汽车。狄克沮丧万分，独自外出度假散心，途中与罗丝玛利偶遇，却只是意识到他们短暂的爱情已无可挽回。最终他借酒浇愁，妻子也离他而去。他曾是这个浪...,菲茨杰拉德最呕心沥血的自传体长篇小说,现代文库评选的二十世纪最伟大的百部英语作品之一,女电影演员露丝玛利在戛纳海滩上遇见了主人公狄克・戴弗，一位精神病医生。他妻子妮珂是他过去的病人，患有精神分裂症。他温文尔雅，待人彬彬有礼，露丝玛利很快就迷上了他。尽管她一再对他表明心迹，狄克却始终不为所动。回巴黎后，他对妻子妮珂的忠诚看似没有动摇，事实上却情不自禁地被露丝玛利吸引。为摆脱对露丝玛利的幻想，狄克开始撰写专著，对复发癔症、精神状态仍不稳定的妮珂尽可能温柔体贴。在阿尔卑斯山度假期间，他遇到昔日好友佛朗兹，并用妻子可观财产中的一部分与他合伙办了一家诊所。此时，妮珂收到一封指责狄克与病人通奸的信，病情加剧，在郊游中故意撞毁汽车。狄克沮丧万分，独自外出度假散心，途中与罗丝玛利偶遇，却只是意识到他们短暂的爱情已无可挽回。最终他借酒浇愁，妻子也离他而去。他曾是这个浪漫时代的缩影，最终却沦为一个顾影自怜的失败者。小说见证了菲茨杰拉德虚度了大半生的“爵士乐时代”的幻灭，在很大程度上实现了作者本人所谓的“对人生透彻、惨痛的了解”。",[美]F・S・菲茨杰拉德
  ,{槌子,https://book.douban.com/subject/3175838/,"「h密特造不朽的美私家商剑X德勒使之精@化，唐Z⒅У巾峰。」?~sru,~sr笤f，唐Z所造的．芟盗校是美推理作家P下最秀的商健６《{槌子》正是．芟盗凶罹采的一部作品。,《{槌子》的故事l生在加州南部。商疥．苁芄ふ乙环失 的名。作f出自李察．X崔之手，但25年前，李察．X崔在自己家中{空消失。循著中o名女子的索往下追，馨lF，在@家、交易商、收藏者PSeC}s的圈子e，[藏著一抖嗄砦匆天日的命案。榱酸清案情，一M颜x感的笊缗者突然失了，一男子混身是血崎湎隆…,眼名毫o著落，⑷词皱羞b法外，芮宄意R到，有一把重N，沉沉敲打著自己的太穴，一艚又一簟…,~sru：「h密特造不朽的美私家商剑X德勒使之精@化，唐Z⒅У巾峰。所造的．...,「h密特造不朽的美私家商剑X德勒使之精@化，唐Z⒅У巾峰。」?~sru,~sr笤f，唐Z所造的．芟盗校是美推理作家P下最秀的商健６《{槌子》正是．芟盗凶罹采的一部作品。,《{槌子》的故事l生在加州南部。商疥．苁芄ふ乙环失 的名。作f出自李察．X崔之手，但25年前，李察．X崔在自己家中{空消失。循著中o名女子的索往下追，馨lF，在@家、交易商、收藏者PSeC}s的圈子e，[藏著一抖嗄砦匆天日的命案。榱酸清案情，一M颜x感的笊缗者突然失了，一男子混身是血崎湎隆…,眼名毫o著落，⑷词皱羞b法外，芮宄意R到，有一把重N，沉沉敲打著自己的太穴，一艚又一簟…,~sru：「h密特造不朽的美私家商剑X德勒使之精@化，唐Z⒅У巾峰。所造的．芟盗校是美推理作家P下最秀的商健６《{槌子》正是．芟盗凶罹采的一部作品。」","_斯・唐Z,Ross MacDonald"
  ,十最美的,https://book.douban.com/subject/5347902/,"科W史上十最引人入俚精采重F，,十好奇的`魂提出波验的}，覆了我ψ陨砑八世界的理解,什N是最美的？,一直到不久之前，最撼尤诵牡目W多碜人的p手，,而非今日已然「aI化」的大型科W。,我恍撵`透^H邮肿觯正面迎鹞粗。,本以伽利略槠瘘c，一步步造L九科WL路上的小站，,最K再次c密立根及他的小星星相遇。,十影深h的{藉其、清楚的OcY果，,揭露了深藏在事物背後的道理……,《~sr蟆分名科W作家讨?s翰d在@本令人o法抗拒的中，引I我M入那些世界似乎仍充斥神z力量的r代，r科W家光、，以及解剖台上心K的跳永Щ蟛灰选,我目睹了伽利略在y量引力r，以歌唱的方式擞rg；牛D小心地⒁桓插入他的眼睛後方，以了解光如何造成W膜的震；哈S在手臂上上止血В^察他的用}在上方跳印...,科W史上十最引人入俚精采重F，,十好奇的`魂提出波验的}，覆了我ψ陨砑八世界的理解,什N是最美的？,一直到不久之前，最撼尤诵牡目W多碜人的p手，,而非今日已然「aI化」的大型科W。,我恍撵`透^H邮肿觯正面迎鹞粗。,本以伽利略槠瘘c，一步步造L九科WL路上的小站，,最K再次c密立根及他的小星星相遇。,十影深h的{藉其、清楚的OcY果，,揭露了深藏在事物背後的道理……,《~sr蟆分名科W作家讨?s翰d在@本令人o法抗拒的中，引I我M入那些世界似乎仍充斥神z力量的r代，r科W家光、，以及解剖台上心K的跳永Щ蟛灰选,我目睹了伽利略在y量引力r，以歌唱的方式擞rg；牛D小心地⒁桓插入他的眼睛後方，以了解光如何造成W膜的震；哈S在手臂上上止血В^察他的用}在上方跳印㈧o}在下方鼓，C明血液的循h；伽凡尼在切_的蛙腿上放流，Οd的肌肉wS@不已；巴夫洛夫M行了他F在著名的，研究狗S著音高而a生唾液。,λ所有人碚f，勤^@得了p。一瞬g，困惑一叨空，ψ匀坏哪撤N全新理解S入眼中。榱Ыo我@些故事，s翰d重建了S多科W逸事，我重匾`魂凝望未知之境rM的激情。",George Johnson
 8.5 ,卜洛克的小fW堂,https://book.douban.com/subject/3070343/,"~sr充N榜作家斯．卜洛克作,看了@本之後你lF，原硇≌f可以@Nx、@N！,角色_不了口？情步履沉重？好c子到底打哪恚啃≌f家斯?卜洛克在《作者文摘》最叫座的冢集Y成檫@本非看不可的作品，深入^察作}j，告V你小f如何是一TI，如何l]技。他的建h，都是身百鸬慕之，作者可以在作[蛑校避_陷阱，悠[自在。姆治鍪鲩_始，到如何自我要求、「意拖延」，再到理退稿的失望落寞，《卜洛克的小fW堂》是一本or的典，提供可行的作守t，x者c作家都能掌握小f作的PI所在。,本Io,想提P作但不知暮蜗率值哪悌ぉみ@是一本I作指南,想汲取小f家充N成名zE的你──@是一T越洋函授n程,想一Q出版I界甘苦真面的你──群八卦色彩的文花絮,想了解卜洛克如何思⑹碌哪悌ぉふ嬲\深刻的自我...,~sr充N榜作家斯．卜洛克作,看了@本之後你lF，原硇≌f可以@Nx、@N！,角色_不了口？情步履沉重？好c子到底打哪恚啃≌f家斯?卜洛克在《作者文摘》最叫座的冢集Y成檫@本非看不可的作品，深入^察作}j，告V你小f如何是一TI，如何l]技。他的建h，都是身百鸬慕之，作者可以在作[蛑校避_陷阱，悠[自在。姆治鍪鲩_始，到如何自我要求、「意拖延」，再到理退稿的失望落寞，《卜洛克的小fW堂》是一本or的典，提供可行的作守t，x者c作家都能掌握小f作的PI所在。,本Io,想提P作但不知暮蜗率值哪悌ぉみ@是一本I作指南,想汲取小f家充N成名zE的你──@是一T越洋函授n程,想一Q出版I界甘苦真面的你──群八卦色彩的文花絮,想了解卜洛克如何思⑹碌哪悌ぉふ嬲\深刻的自我作品剖析,幽默L趣的⑹驴谖牵xpo,易懂用的概念技巧，提P作非y事,大H授的作班，_n樱,或S你第一次接|卜洛克，是男≌f《八百fN死法》_始。,或S你第一次JR卜洛克，是因槿年前（2005）的L台旋L。,或S你第一次Σ仿蹇烁械胶闷妫是因榱撼ァ⑼跫倚l、侯孝t、唐Z、朱天心、T光h、钫铡Ⅰ以等人都是他的忠x者。,唔，或S@是你第一次「斯．卜洛克」的大名，那也]PS。,@肯定是台匙x者第一次，看卜洛克用一的蛑os又沉著的文字，作@件事。,「在@本e，斯?卜洛克很精_的凸@了意作的方法c道理，功力甚至超^拉和斯?恩格里（Lajos Egri）的《作的g》（The Art of Dramatic Writing）。」,──布R恩?加菲（Brian Garfield）,「斯?卜洛克是作家的好朋友。他明、L趣，f，硬是偷蒙夏愕拿ΑＨ绻你的朋友o能榱Γ你的勰能助，就x@本吧。」,──《高基公@》作者／R丁?克?史密斯（Martin Cruz Smith）,「卜洛克在@本e所f的都是「Α沟模你可以放心的，放心的相信，放心的得它。方法可能e`可能`В但技]有成。只有M展的h近程度}。@也就是f，你完完全全x懂了它，也就是你可以G_它的r候了。」,──唐Z",斯．卜洛克
  ,lF契X夫,https://book.douban.com/subject/2288921/,"美文W翻gf（American Literary Translators Association）一九九九年家翻g僮髌罚,「我主小fx者在伸手可及的床湟槐酒踉X夫的小f，」──唐Z,《lF契X夫》，lF@四十三篇未正式收的故事，我@位俄短篇小f之王有全新的。,一九九七年十一月，《Q琴》sI刊d了九篇契X夫首次被翻g橛⑽牡亩唐小f，由彼得．康士坦J翻g。得到的回之烈，是在A期之外：《~sr蟆贰《英V播公司》以及《美家公共V播台》相^⑦@些故事成新А,引起所有@些}拥南敕ǎ都涵w在《lF契X夫》一中，@e有一年p、尚未成熟、x者不熟悉的契可夫。@c神秘感的人物，K非稍後的那位契X夫，而是一以其尖J、L趣、新c朝馀畈的P法，首次成槲新星的作家，K在一八八八年A得了普希金...,美文W翻gf（American Literary Translators Association）一九九九年家翻g僮髌罚,「我主小fx者在伸手可及的床湟槐酒踉X夫的小f，」──唐Z,《lF契X夫》，lF@四十三篇未正式收的故事，我@位俄短篇小f之王有全新的。,一九九七年十一月，《Q琴》sI刊d了九篇契X夫首次被翻g橛⑽牡亩唐小f，由彼得．康士坦J翻g。得到的回之烈，是在A期之外：《~sr蟆贰《英V播公司》以及《美家公共V播台》相^⑦@些故事成新А,引起所有@些}拥南敕ǎ都涵w在《lF契X夫》一中，@e有一年p、尚未成熟、x者不熟悉的契可夫。@c神秘感的人物，K非稍後的那位契X夫，而是一以其尖J、L趣、新c朝馀畈的P法，首次成槲新星的作家，K在一八八八年A得了普希金。,【名家推]】,◎「契X夫如印象派家般`拥牟蹲剿查g光影的一刻，但小f的面是空的，天空@得比^高，如果在室龋屋乓菜坪跫艿帽痊F代式的公寓要高，而且窗子大T是敞著，L流通M碜足虻年光射M恚也人可以自在的MM出出。本雅明喜g拿耖g故事到F代小f逐u失落的『嵛俊还δ埽td的契X夫牟辉谛≌fe[出智者[出人生的模咏o予你教的Z，他的小f具w情也更多是人的擂稳说牟贿\乃至於人o可避的死亡，他只把你拉出恚你x_那罹患nd症的地方，不你置身孤之中。」～唐Z,◎「《lF契X夫》Ыo英Z系x者一新的契X夫面貌，值得V大的x者砉餐分享。我x竦倪@些故事M跨契X夫1880到1887年@段r期的作，他@r期的作品在俄_斯以外r槿酥，但若]有@些作品，就o法碛衅踉X夫@位作家的全貌。」～g者彼得．康士坦J（Peter Constantine）,◎「我K不常X得人生是有趣的，反而深深感受到人生的荒，因此我常思索卡（Albert Camus, 1913-1960）Α夯闹』的定x：理性c非理性的交之。ξ叶言，在契X夫的故事中你常可lF那交之。@些故事以B的方式⑹鲋不B的社迷惘，好似一又一生印⒊F的簟！埂作家、演T、表演者史帕汀．格瑞（Spalding Gray）",契X夫(Anton P. Chekhov)
 8.1 ,漫长的告别（村上春树点评本）,https://book.douban.com/subject/25853852/,"★这是真正意义上的灵魂交流的故事，是人与人之间自发地相互理解的故事，是人类抱有的美好幻想和它不可避免地引发的深深幻灭的故事。,★村上春树2万字长序推荐,★爱伦?坡最佳小说奖,★美国推理协会“史上百部最佳推理小说”,★为什么我会一遍又一遍反复阅读《漫长的告别》这部小说呢？或许反过来能说得更清楚些。为什么我反复阅读了这么多次，还是读不腻这部小说呢？――村上春树,一个绅士酒鬼突遇私家侦探马洛，就此展开一段诚挚而悲伤的友谊……,某日一早，绅士酒鬼突然找到马洛，称自己杀死了妻子--一个百万富翁的荡妇女儿，马洛帮忙将其送回墨西哥，换来一张五千美元的巨钞作为感谢和告别，然而，一连串谋杀，却使这个告别绵绵不绝……",[美]雷蒙德?钱德勒
 7.9 ,漫L的告e,https://book.douban.com/subject/3125848/,"故事募又莸囊惶酒店_觯私家商今R_遇到了醉如泥的{Z士―一穿著得w、n白有Y但上有疤的男子，接下硭㈤_始一段短s要命的友x，@段已被商叫≌f史上典的尤擞亚轳R_黼y以探y的危C，他匀胍欢尾幻u的婚姻、一隼为z之摹砍冻鲆鲎R_有牡母星椋以及一位巡挪挥龅淖骷摇,本特色,首次登台：《漫L的告e》中文繁w正式授喟妗３值家收:：2007年村上春樽约盒伦g的日版《漫L的告e》所g後<式典小f《漫L的告e》>。,@部作品1953年出版，世至今45年，1973年诓．阿特曼曾任а⑵浒嵘洗筱y幕。,f金山有家推理ｉT店，老版是推理迷，他店中央[了桌子，ｉT列最近的充N或好，不^有一B]有下架^，那就是《漫L的告e》，那B的下面A著一手，上面著”Best book in t...,故事募又莸囊惶酒店_觯私家商今R_遇到了醉如泥的{Z士―一穿著得w、n白有Y但上有疤的男子，接下硭㈤_始一段短s要命的友x，@段已被商叫≌f史上典的尤擞亚轳R_黼y以探y的危C，他匀胍欢尾幻u的婚姻、一隼为z之摹砍冻鲆鲎R_有牡母星椋以及一位巡挪挥龅淖骷摇,本特色,首次登台：《漫L的告e》中文繁w正式授喟妗３值家收:：2007年村上春樽约盒伦g的日版《漫L的告e》所g後<式典小f《漫L的告e》>。,@部作品1953年出版，世至今45年，1973年诓．阿特曼曾任а⑵浒嵘洗筱y幕。,f金山有家推理ｉT店，老版是推理迷，他店中央[了桌子，ｉT列最近的充N或好，不^有一B]有下架^，那就是《漫L的告e》，那B的下面A著一手，上面著”Best book in the store.”,明年是X德勒逝世50周年，榱讼虼再致敬，r筮x瘛堵L的告e》做橹匦峦瞥鲥X德勒g本的第一h，一硎且殄X德勒迷也是r笾亓考作家村上春湓谌ツ晖瞥隽诵伦g本，二怼堵L的告e》是X德勒最具野心也是最受文W界重的一本作品，然o是哪一本X德勒都值得的努力，因楣馐且樗o了我R_，就足以我永h得他。,@,瑞蒙 X德勒@MWA(美推理作家f)票x椤150年碜畛錾推理小f家」第一名。","瑞蒙・X德勒,Raymond Chandler"
 9.3 ,行为科学统计,https://book.douban.com/subject/3171735/,"无论中外，统计学一直是各相关专业学生的梦魇。Frederick J.Gravetter和Larry B.Wallnau两位教授正是考虑到这一点，从而以深入浅出、通俗易懂的方式，将统计知识清晰地整合到实际的行为科学研究中，以直接、易学、详尽的方法向学生讲授统计学的应用。,本书自出版以来一直是美国心理学、社会学等专业领域中使用最广的统计学教材，是一本非常适用于数学基础薄弱学生的统计入门书。","[美] F. J. Gravetter,[美] L. B. Wallnau"
